සුනිල් ....උඹ මොළය උඩ නේද ඉදගන්නෙ....,1
උඹත් ලොල්ලෙක් ද ?,1
හොද ලොල්ලෙක් තමයි ඉතිං...,1
රට බල්ලට ගියේ බොල මරා යුද්ධය දිනුවට පස්සෙ රජ කමට ඇන්දායින් පස්සෙ. එතකං මහින්ද මිනිස්සු එක්ක හිටියා. යුද්ධය ඉවර කලානෙ කියලා කරන හැම ජඩ වැඩේම අනුමත කරන එක නෙමෙයි බොල රටට ආදරේ මිනිහෙක් කරන්නෙ. උඹ සෙමෙන් මනස වැඩෙන එකෙක්ද ?,1
මේ කර්නල් ලට අණ දීපු මිනිහා ඇයි තවම ඇතුලට ගත්තෙ නැත්තෙ ? පහත් තැනින් යයි ගලා ජලේ ද ?,0
ඇඹිලිපිටියෙ හිටපු ඒ එස් පී බල්ලට හෙණ 7 ම ගහපිය..අකුලෝලම පල...,1
මේ වගේ කාලකන්නි ජාතිබේදය ඇතිකරලා පටු දේශපාලන වාසි වලින් ජනප්‍රියත්වය ඇති කරගන්න හදනවා...කොටින්ම මුන් ගැලරිය පිනවනවා...ජාතිවාදය ඇවිලිලා එකා දෙන්නා ගානෙ මැරෙන්න ගත්තම මුන් වෙන රටකට හෙමින් සීරුවෙ ලෙස්සනවා..මැරුන එකාගෙ පාඩුව උගෙ පවුලට...මම නම් කියන්නෙ දැඩිව නීතිය ක්‍රියාත්මක කල යුතුයි කියලා...මොකද සිවුරෙ හිටියට කරන්නෙ බිස්නස් විතරයි..දන්න ධර්මයක් නෑ...,1
අනේ පලයං ඩෝ...උඹ වගේ පොර ටෝක් දෙන..මෙලෝ වැඩක් බැරි උන් මම ඕනෙ තරම් දැකලා තියෙනවා...තොපි වගේ උන්ගෙ කයිය විතරයි...,1
ඇඹිලිපිටියෙ පොලිසියෙ වැරදි කරපු කුක්කන්ට දෙකට කැඩෙන්න දෙන්න පුලුවන් කෙනෙක් තමයි පොලිස්පති වෙන්න ඕනෙ...,1
මට දැන් දැනගන්න ලැබුන විදියට තාත්තා නයි ටී එන් එකේ හිටිය කාලෙ මූ නිකං ඔලුවට අරගෙන ඉඳලා තියෙන්නෙ තාත්තගෙ උණ ඇගට අරගෙන....නයිටීඑන් එක උගෙ ගෙදර වගේලු හිටියෙ...මේක්අප් දාගත්තෙත් නයිටීඑන් එක ඇතුලෙන්ලු...මුගෙ පින්තූර ගන්න ගිය එකෙක් මට සිද්ධිය කිව්වෙ දැන්...,1
උඹ හොදයි ඇබිත්තයෙකුගෙ චරිතයකට...යකඩ වලින් කාපු කෑම දැන් වමාරන්න වෙලා නේද කොල්ලො...ඒක තමයි බං කියන්නෙ උපදිනකොට තාත්තා වෙන්න ඔනෙත් හොද මිනිහෙක්....නැතුව උඹගෙ තාත්තා වගේ කම්බ හොරෙක් නෙමෙයි...,1
මේ ගනින්නාන්සෙ හිතාගෙන ඉන්නෙ රටේ තවම තියෙන්නෙ මරාගෙ ගෝත්‍රික ආණ්ඩුව කියලා...මෙයාගෙ බොරු සෝබන උණ බහින්න දෙක තුනක් දීලා දාන්න තියෙන්නෙ ඇතුලට කල්දේරම් බත් රස බලන්න...සිංහය වගේ පොර ටෝක් දෙන මිනිහා සති දෙකෙන් බලු නකුට කකුල් දෙක අස්සෙ ගහගත්ත බල්ලා වගේ අපූරුවට ඉදියි...,1
අනේ පලයං බයියො...උඹ කැමරාමන් නම් පස්සෙ හරි නිර්භීතව මාධ්‍යයට මෙහෙම එනවද...,1
මේ සිද්ධියට සම්බන්ධ වෙච්ච ඒ එස් පී ඇතුලු කාලකන්නින්ට හෙණ 7 ම වැදියං....අකුලෝලම පල...,1
දෙරණෙ ඉන්නවා මචං මගෙත් හොද කකුල්...ඔය චැනල් එක පටන් ගත්ත මුල්ම කාලෙ උන්ගෙ අතේ සල්ලි වලින් චැනල් එක දිව්වෙ...කොටින්ම උන්ගෙ වාහන උන් ආයතනය වෙනුවෙන් පාවිච්චි කලේ අතින් තෙල් ගහගෙන...අන්න ඔය කාලෙ වෙන වැඩකට ගිය හාදයෙක් වෙන්න ඕනෙ ඔය චතුරයා...ආයතනය ඇතුලෙ මානව සම්පත හිග කමයි...හරියට පඩියක් ගෙවන්නෙ නැති තැනක වැඩ කාරයො ඉන්නෙ නැති කමයි අස්සෙ...පුස්සෙක් උඩ ගියා...දැන් පොර ටෝක් දෙනවා පහුගිය කාලෙ දෙකට නැමීගෙන ඉදලා...,0
ඔහොමම මුගෙ ඔලුවත් හෑරුවා නම් තව මැටි හමුවෙයි...,1
රටට අපලයක් වේ නම්...මෙන්න ඒ අපලෙ...කලු කොඩි වීරයා හෙවත් ගොම්මන් අපලේ...,1
ඔය දෙනමගෙන් ධර්මය ගැන ඇහුවොත් සුවර් ඇන්ඩ් සොට් ධර්මය ගැන දන්නෙ නෑ....චණ්ඩි කම් විතරයි නානෙ උගන්වලා තියෙන්නෙ,1
අනේ ඔයා බබා....අභයාරාමෙ පදිංචි වෙලා ඉන්න නිසා සෝවාන් වෙලාද මන්දා හදිස්සියෙ. ඔයාගෙ කාලෙ මාධ්‍යවේදියො හරි සැහැල්ලුවෙන් සතුටින් ඉන්න ඇති. ඒ දවස් වල මහ රජාව විවේචනය කරපු මාධ්‍යවේදීන්ගෙ ගෙවල් වලට ඔයා නත්තල් අවුරුදු තෑගි යැව්වද ? හරියට උද්ඝෝෂන වලට කිරි පෙව්වා වගේ..අද මාධ්‍යවේදියො භය නැතුව පවතින රජය විවේචනය කරනවා...මොකද කවුරුවත් දැන් භය නෑ...සුදු වෑන් ගෙවල් ලගට එවයි කියලා. ඔය චතුර කියන හාදයා මහ රජාගෙ සෙරෙප්පු සුප් බොන මිනිහෙක් කියලා අපි නම් දන්නවා...කට වාචාල කම තියෙන හැමෝම නිවේදකයො කියලා හිතාන ඉන්න උන්ට චතුර තමයි හොදම උදාහරණයි...දෙරණට පිස්සුද මන්දා මේ වගේ හරියට චතුරව කථා කරගන්න බැරි මිනිහෙක්ට පඩි ගෙවන්නෙ...වචන අතර අ ආ ශබ්ද නිතරම අහන්න පුලුවන් මිනිහා කථා කරනකොට...,1
හොද වැඩේ නානසාර කියන අවලමාට...,1
අනේ පලයං මුදියන්සෙ නොදන්න මගුල් කථා නොකර...උඹලගෙ ලොකු අප්පච්චි වෛරය ගැන දන්නෙම නැතුව ඇති නේද...එයා බබාද....අභයාරාමයෙදි ගිරවා පාර්ලිමේන්තුවෙ ගොලුවා කියන්නෙ අන්න එයාට...,1
කෝපි කඩේ රගපෑවෙ සුපිරි නලු නිලියො නෙමෙයි. මෙයාලට එක කොටසකට ගෙව්වෙ 2500 යි දැනට වසර කීපයකට කලින්...අද තත්වය මම දන්නෙ නෑ...ඒ නිසා කලාව නිසා බඩ වඩාගත්තෙ නැති....සාමාන්‍ය පොදු ජනතාව අතර ඉන්න නියම නළු නිළියො තමයි මේ...සුගතං උන්දැවත් මතක් උනා...ඉක්මන් සුවය පතනවා...,0
මුගෙ ඔලුවෙ මැටි තියෙනවද කියලත් ඔය එක්කම හාරලා බැලුවොත් හොදයි.,1
පබාට ඡන්දෙ දුන්නට...චතුරයව පාර්ලිමේන්තු යැව්වට...ලංකාවෙ උගත් කමින් වැඩි ජනතාව ඉන්නෙ ගම්පහ..කොළම හොද ප්‍ර‍තිඵල ගන්න බහුතරය ගම්පහින් ගිය අය...,0
මේ වගේ වැදගත් තැනකට එන කොට හරි හොඳට ඇඳගෙන එන්න ඕනේ කියලවත් මේ අය දන්නේ නැද්ද?,0
මෙතුමා මෙච්චර ප්‍රසිද්දි කෙනෙක් කියල මමනම් දැනගෙන හිටියේ නැහැ. නළු,0
මමත් කොළඹ. හෙබෙය් එක්සෑම් ලිව්වේ වැලිමඩේ.,0
හරි..හරි.. ලක්ශ,0
"මෙයා යාත්‍රා කරල තියෙන්නේ ""කොළඹ ඉදන් නුවරට"" අනිත් උන් නුවර ඉදන් කොළඹට එන්කොට.. අය්යෝ... හැ.... කසිප්පු ගහලද? කුඩු ගහලද?",0
දන්න මගුලක් කථා කරපං සහන්...සියාම් අතුරුදහන් කියලා මුලින් පැමිණිලි කල වෙලාවෙ පොලිසියෙ හිටිය මහින්ද බත්ගොට්ටො කවුරුවත් ගනන් ගත්තෙ නෑ. සියාම්ගෙ ඥාතියෙක් වන මව්ලානා දේශපාලක තැන සිද්ධියට මැදිහත් උන නිසා තමයි මහ රජතුමාට අකමැත්තෙන් හරි මේ පරීක්ෂණ ක්‍රියාත්මක කරන්න උනේ...ඒ වගේ ප්‍රබල නෑදෑයෙක් නැති උඹටයි මටයි මෙහෙම දෙයක් උනා නම් ඒ කාලෙ...පරීක්ෂණ හරියට වෙයිද ?,0
උඹලා වගේ උන් හොදයි යටට අඳින්න. ඕක තමා කියන්නෙ වැස්සකටවත් ඉස්කෝලෙකට යන්න ඕනෙ කියලා...මට පේන විදියට උඹ ඉස්කෝලෙ තියා රෙදි ඉස්කෝලෙකටවත් ගිය එකෙක් නෙමෙයි. අ,1
දැන් ඉන්න පියරු බාබාලා වගේද...බොහොම තාත්විකව රගපාන්න හැකි මෙවැනි නිළියන් ඉතාම අතලොස්සයි අපිට ඉන්නෙ. කෝපිකඩේ ඇසිලින් චරිතය ඇතුලෙ කෙස් වලු පටලවාගන්නා දර්ශන ඔබ ඉතාම තාත්විකව රගපෑ බව මගේ හැගීමයි.,0
සුභ ගමන් ඔබට !!!,0
තුර්කියට ගහන්න තියෙන්නෙ උණ ගැනෙන්න...,0
මූ පියෙක්ද හැබෑට....,0
ආරංචි විදියට මරණ දඬුවම තමයි මේ කාලකන්නින්ට ලැබුනෙ. උසාවියෙ සාක්කි දෙන්න සියාම්ගෙ අම්මා කූඩුවට නැග්ගම හෙලපු කදුලු වලට මේ හැතිකරේ උපදින උපදින ආත්ම වල ඒ පව ගෙවයි. හොඳ නමක් තියාගෙන පොලිසියෙ රාජකාරි කරපු නිලධාරියෙක් අවසානයේ බලු නොවටිනා තත්වයට පත්වීම ගැන කණගාටු වෙනවා. ඒ වගේම මිනිහගෙ උෂ්ණය ඇගට අරගෙන හිටිය අර ගෑණිගෙත් දැන් අමාරුව හොඳ වී ඇති කියලා හිතනවා.,1
යහපාලනය දැන් රටේ නෑ කියන උන්ට මෙන්න මේවා තමයි නියම උත්තර....,0
මූ හරිම පීචං යකෙක්..මම හිතන විදියට වැඩිදුර ඉගෙනගත්ත මිනිහෙකුත් නෙමෙයි. යකෝ කතා කරන්න නිදහස නැත්තං උඹට තිබුනනෙ කොන්ද කෙලින් තියාගෙන විපක්ෂයට බල්ටියක් ගහන්න. උඹලට බැරි වැඩේ සීනුවෙ අනුර අයියා අපූරුවට කලා එදත් අදත්...උඹලා වගේ කොන්ද පණ නැති හිපාටුවො හොදයි යටට අඳින්න.,1
කපිල 6 පහුවෙලා හේන පැත්තෙ වරෙන්...බටර් කාලකුත් අරගෙනම වරෙන්...,0
යහපාල...උඹ අප්පච්චි එක්ක බුදියගෙන යලි නැගිටින්න හිතාන ඉන්න එකෙක්ද ? තොපිලා වගේ කොන්ද පණ නැති පොන්සියන්ට ආයෙ නෝ චෑන්ස්...මැදමුලන වලව්වෙ දර කෑල්ලක් පලාගෙන...කඩේ යන පැංචැා වෙලා ඔහොමම ඉදහං...මේකට දාන කොමිටල් නමකින් මගේ චරිතය ගැන නිගමනයකට එන උඹ වගේ ගොනෙක් මේ තුන් ලෝකෙම නැතුව ඇති...ලගදිද ඉන්ටර්නෙට් ලැබුනෙ උඹට...තවම මේවා මැජික්ද ?,1
යකෝ ත්‍රස්තවාදීන් කියලා චෝදනාවක් නැතුව අවුරුදු ගනන් හිරකරගෙන ඉන්නවා මිනිස්සු. ඒ අයගෙ යැපෙන්නො ජීවත් වෙන්න විදියක් නැතුව අසරණ වෙලා. මේ ගැටලු දිහා නුවනින් බලපියව්...මහා ත්‍රස්තවාදයො වෙන කරුණා / පිල්ලෙයාන් / කේපී ලාට සුරසැප දෙද්දි තොපිලගෙ අප්පච්චි තොපිලට කිසිම රුදාවක් නෑ. ජාතික ආරක්ෂාවට ඒක තර්ජනයකුත් නෙමෙයි. ඒත් මේ අසරණ මිනිස්සු නිදහස් කරද්දි තොපිට අං එනවා..මරාගෙ කඳන් පණු හැත්ත...තූ නෙදකින්...,1
දගරි හොද හොද නැටුම් නටන්න ඇති කෙල්ල කාලෙ.,0
උඹලා නළුවොද බොල....* චණ්ඩිනෙ....,1
මම මෙතුමාව පුද්ගලිකව දන්නවා...කවදත් ඉගෙනගන්න කෙනෙකුගේ අවශ්‍යතාව වෙනුවෙන් තමන්ගෙ උපරිම සහයෝගය දුන්න නියම මහත්මයෙක්....මේ වගේ ගුණ යහපත් අයටට මෙවැනි විපත් වීම අදහාගත නොහැකියි.,0
උත්තරය සරළයිනෙ....තැන තැන බෝම්බ පිපිරෙන පකිස්ථානය...ඔය ගිහිල්ලා තියෙන්නෙ දිව්‍ය ලෝකයට...මුන් ඇවිල්ලා වැඩි උගත් කමක් නැති මෝඩ මී හරක්...ඔය ක්‍රිකට් කණ්ඩායම එක සැරයක් පුහුණුකරුවෙක් අත ඇරියා මුන් හරිම මෝඩයි....කියලා.,1
වෛද්‍ය වෘත්තියට ගරහපු කාලකණ්නියෙක්....පවු නේද අර අසරණ නගා....ජීවිතය ජීවත් කරන්නනෙ ගාමන්ට් රස්සාවට ආවෙ.....,1
අනේ මෙහෙමත් මෝඩ මිනිස්සු.....,1
තොපේ අල්ලා කොහෙද බොල හිටියෙ...,1
ප්‍රීති කසානා හැදුනෙ නෑ කිව්වම පුදුමයි.,0
පූජා අැත්තටම ලස්සන උනාට අපේ අනිත් නිළියො වගේ ආඩම්බර නෑ. ඒ ගුණය මම ඉතාම අගය කරනවා...ඔයා කැමති නැද්ද සුදෝ මාව බදින්න....,0
එහෙම තමයි බං...උඹට වගේ ලෙඩක් නැති ඕනෙම කොල්ලෙක්ට ඒවා එහෙමයි...තොටලග හොද වෙද මහත්තයෙක් ඉන්නවා...උඹේ ලෙඩේට එතනින් බේත් ගනින්....,0
ඔන්න ඉතින් දැන් මුව බොරුවට පොර කලා,0
මෝඩයා කියල මරන්නයැ,1
හයියෝ ... දැන් ඉතින් මට ඉඳල වැඩක් නෑ ....,0
මොනවා උනත් එල කොල්ලෙක්,0
තමන්ගෙ වල තමන්ම කපාගන්නවා.,0
අද තරගයේ තීරණාත්මක පන්දු වාරය වන 19 වෙනි පන්දුවාරය යැවූ හිතහොද කුලේට මාගේ ප්‍රණාමය.,0
මුගෙ තාත්තා කට ඇරියොත් ලංකාවට බනිනවා...ලෝකෙ හොදම රටවල් විදියට බටහිර රටවල් සෙට් එකක නම් කියනවා...අමරදේව මහත්තයගෙ සසර වසර තුරු සින්දුවට බනිනවා...මම අහන්නෙ අහිකුණ්ටික කණ්ඩායමේ නායක සුනිල්,0
උන් දන්නවා උන්ගෙ සින්දු අහන්නෙ ලංකාවෙ උන් මිසක ඇමරිකාවෙ සුද්දො නොවන වග....ළිදෙන් වතුර බීලා ලිදට ගල් ගසාලා...වතුර බොර කරයි මිනිසා...කියලා වික්ටර් කාලෙකට කලින් කිව්වෙ සුනිල් වගේ උන් ගැන....,0
ගත්ත ටිකට් එක ගැන චිත්තරපටිය බැලුවට පස්සෙ දුක හිතෙන එකක් නොවේවා...මහේන්ද්‍ර පට්ට නලුවා උනාට මිනිහා තනියම හැම චරිතෙම රගපාන්නයෑ....,0
මගේ යාලුවෙක් එක්කනෙ දුලීකා කලින් යාලු වෙලා හිටියෙ...ඌට පොල්ල තිබ්බද එතකොට...මේවා චරිත ඝාතන නෙමෙයි...සිරා,0
ක්‍රිකට් විරුවා වගේද බොල මහත්මා ගාන්ධි...,0
හරිම දුක හිතෙන සිදුවීමක්...මමත් සතුන්ට ඉතාම කරුණාව දක්වන කෙනෙක්...මේ අලියා බුදුන් වහන්සේගෙ කාලෙ හිටිය දේවදත්ත වගේ කෙනෙක් වෙන්න ඇති. මුගලන් හාමුදුරුවො රහත් වෙලත් හොර කණ්ඩායමක් අතින් ගුටිකාලා නොව අපවත් වුනේ...කර්මය අප පිටුපස එනවා...හැකි තරම් යහපත් ක්‍රියාවේම නිරත වෙමු.,0
අයියෝ මේ වැඩබැරි ටාසන් කෙනෙක්නෙ..ගොක්කොළ පේන වයසෙ විකාර සිහිනයක් දැකලා..මුගෙ මුලු ඇගේම රාත්තල් 6 ක මස් නෑ...කටු විතරයි...,1
ආශාවෙ බෑ...හරිම ලස්සනයි.,0
මේකා මුල මතක නැති එකෙක්...තමන් අමාරුවෙන් ක්‍රිකට් පටන් ගත්ත පාසලේ නම වත් දැන් මෙයා පත්තර වලට කියන්නෙ නෑ...ඔන්න මිනිස්සු. ඒකෙ ආදිශිෂ්‍යයො තමන්ගෙ පුද්ගලික මුදලින් මෙයාට ක්‍රිකට් ගහන්න උදව් කලේ...ඊට පස්සෙයි ශාන්ත ජෝෂප් එකට ඇතුලු වුනේ.,0
මේ හාල්පාරුවා දීලා තියෙන උත්තරේ බලන්න. දැනට ජාත්‍යන්තර ප්‍රවෘත්ති සේවා වල යානයේ අතුරුදන් වීමට නියමුවන් සම්බන්ධ බවට පුන පුනා කියනවා...ඒක අනාවැකියක් වෙන්නෙ කොහොමද...අනිත් එක දින 14 කට වැඩියෙන් යයි කියලා කියලා තියෙන්නෙ. ඉතින් අවුරුදු 3 ක් ගිහිල්ලා ඇත්තටම මොකද වුනේ කියලා හොයාගත්තත් මිනිහගෙ අනාවැකිය වැරදි නෑ...මේ අය කණා මුට්ටි තමයි ගහන තරමක් ගහන්නෙ.,0
ඔයාට හොඳ සුඩුසුකම් තියෙනව නම් අපට අදාලම නැ නේ.,0
ඔයා මෝඩයිද නැත්තං ජනතාව මෝඩයි කියලා හිතං ඉන්නවද? මේක පුදුම කතාවක්නේ. මේ කැඳහැළියේ ඉන්න ඇමතියෝ එකෙක් එක කතාවක් කියනවා,1
ජනතා විමුක්ති පෙරමුනේ ලොක්කෝ ඔක්කෝම හොඳට බොනවා අම්බානකට කුපාඩිකම් කරනවා,1
පොඩ්ඩෝ කැට එකතුකරනවා මුන්ට කඩේ යනවා,1
දැන් ඔබතුමා වටේ ඉන්න ශ්‍රීලංකා කාරයෝ ඔක්කොම පසුගිය කාලේ හිටියේ මහින්ද ලොක්කා එක්ක නේද ? උන් එකෙක් වත් කියන දේවල් කනකට ගන්න නම් එපා. පුළුවන් නම් ශ්‍රී ලංකා එකේ ප්‍රධාන තනතුරු වලට රනිල් මැතිතුමා එක්ක කතා කරලා සුදුසු පුද්ගලයින් පත් කරගන්න. ඔබතුමා වටේ ඉන්න ශ්‍රී ලංකා කාරයෝ එක්ක නම් මැතිවරණයකට යන්න හිතන්නවත් එපා. ගන්වල මිනිස්සු බලන් ඉන්නේ උන්ගේ බොටුව කඩාගෙන කන්න. මේ වෙලාවේ වැඩි වාසිය තියෙන්නේ යුඑන්පි එකට නිසා රනිල් මැතිදුන් එක්ක සාකච්චා කරලා ඉදිරියේදී ශ්‍රී ලංකා එකෙන් තරංග කරන්න ඕනේ අපේක්ෂකයෝ නම් කරන්න.,0
හැප්පුන වැරැද්ද අනිවාරයෙන්ම ලයිට් කණුවේ !,0
ලයිට් කණුව රිමාඩ් කලයුතුයි !,0
ලයිට් කණුව බිමත්ව සිටියාදැයි පරික්ෂා කල යුතුයි!,0
ලයිට් කණුවට ඇප නොලැබිය යුතුයි !.,0
පාර්ලිමේන්තු මන්ත‍්‍රී විජිත හේරත් මහතාට සහ ඔහුගේ වාහනයට අලාභ කලාට ලයිට් කණුව වන්දි ගෙවිය යුතුයි !,0
අධික ලෙස බිමත්ව සිටි ලයිට් කණුව නීතිගරුකව පාරේ යමින් සිටි විජිත හේරත් මහතාගේ වාහනේ බලෙන් හැප්පි එම පළාතේ වැසියන්ට විදුලිය විරහිත කර අපහසුතාවයට පත්කිරීම වෙනුවෙන් ද ලයිට් කණුව වන්දි ගෙවිය යුතුයි !,0
මුන්ගෙ සින්දු කුක්කො අහයි....අද දාන අලුත් සින්දුව මාස දෙකකට පස්සෙ කවුරුවත් දන්නෙවත් නෑ...අපරාදෙ සල්ලි.....,1
මීට කලියෙන් ජෝජ් බුෂ් ලොක්කට ගැහුවත් ඒක වැදුනෙත් නෑ...ඒ නිසා සපත්තුවෙන් ගහන්න බලාගෙන ඉන්න උන් කලින් ප්‍රැක්ටිස් පාරක් දාලා මීට පස්සෙවත් හරියට ගහපියව්...,0
තාරුණ්‍යයට හෙටක් අනිත් උන්ට නැතත්...මෙයාට නම් ෂුවර්...,0
කාන්තා ක්‍රිකට් කොයි රටකවත් එච්චර ඉහළින් පිළිගන්නෙ නෑ...,0
සංගගෙ ෆෝන් එකේ කැමරාවත් අපේ ඒවා වගේම තමයි...ලොකු වෙනසක් නෑ...සල්ලි තියෙන නිසා මම හිතුවෙ පට්ට කොලිටි ඇති කියලා ෆෝන් එකේ ෆොටෝ....,0
තමන්ගෙ වත්තෙ වලවල් කැපුවට පොළව යටට කපලා දෝනා යද්දි ඒවා යන්නෙ අල්ලපු වතු යටින්..මුලින් කමෙන්ටු කරපු ගොං හරක් මේ බව දන්නෙ නැති පාටයි...,1
රතු එකක් ඇදගෙන ඉන්න පිරිමි කෙනා කවුද ? දැලා නෑ කලින්...,0
හරිම සතුටුයි...මේ වගේ ඉදපල්ලකො එකමුතු වෙලා හැමදාම ....ඊයෙ දැක්කා මුස්ලිම් අයියා වීල් එක එලවද්දි ඒක පිටිපස්සෙ ඉදන් කොඩි වනපු සිංහල කොල්ලො...අන්න එහෙමයි සමගියෙන් ඉන්න ඕනෙ.,0
මඩුව හදලා ගිණි තියපු උන් මෝඩයෝ කියමුකො...ඒක ගිණිගද්දි ඒක වීඩියෝ කර කර හිටපු උන් දිහා බැලුවාම ඉන්දියාව ගොන් පුරයක් බව පැහැදිලි වෙනවා....ක්‍රිකට් කාරයො ඉන්දියාවෙ උන් දෙවියො වගේ අදහන නිසයි ප්‍රශ්නෙ....,0
ඇත්තද බන් කෝලියා ලංකාවට කෝලිකුට්ටු පටවන බිස්නස් එකකට අත ගහන්න යනවා කියන්නෙ ?,0
ඔන්න ලංකාවෙ' දේශපාලුවන්ගේ හැටි මොන්ටි දසා්රි ළමයි වත් දැන් කාලේ ‍කාපු බිපු දේවල් කියන හැටි දැන්වත් අපේ මිනිස්සුන්ගේ ඇස් ඇ‍‍රවා ගත්තා නම' හොදයි ඇයි ද දන්නවද ඔ'වා බලන පුංචි එව'නුනටත් හිනා,0
ගොං බඩු රාශියයි...,1
මේ තට්ටයව මුණ ගැහිලම විස්තරේ අහගනින්..සියනෑවේ සිංහයා කියලා ඡන්දෙට ඉල්ලුවෙ...සිංහයෙක් තියා හිවලෙක්වත් වෙන්න බෑ කියලා දැන් ඔප්පු වෙලා තියෙන්නෙ.,1
මධුමාධව අරවින්ද කියන්නෙ හොඳ ගායකයෙකුත් නොවෙයි...නළුවෙකුත් නොවෙයි..සැමියෙක් පියෙක් විදියටත් අන්තිම අසාර්ථකයි..ඒ මදිවට මහමැතිවරණයට පස්සෙ දවසෙ අරලිය ගහ මන්දිරය වටලන්න ගිහින් අන්තිම කිච උනා...මේ හැමදේම එකතුකරලා බැලුවාම මධුමාධව කියන්නෙ අන්තිම (අ)සාර්ථක මිනිහෙක්....,1
ජනාධිපති විදියට ඔබතුමා කෙල්ලන්ගෙ බ්‍රා ගැන නෙමෙයි කථා කල යුත්තේ...විල්පත්තුවේ මහා වන විනාශයක් වෙනවා...අද වෙනකං කට ඇරලා ඒ ගැන වචනයක් කිව්වද...ඔබ තුමත් අර කලින් හිටිය කෙනා වගේ ජනප්‍රිය මාතෘකා ගැන කථා කරලා ඒවට මිනිස්සු දක්වන ප්‍රතිචාර බලලා මෝඩ චූන් ගන්න ගියොත්...කලින් කෙනාට කලින් ගෙදර යන්න චෑන්ස් එක එයි.,0
ගෙම්බන් පිලගෙ කෝටි 11 ක ගණුදෙනුවක් ගැන ෆයිල් මරා ලග තියෙනවා..මරා ඒ ෆයිල් පෙන්නලා ගෙම්බන්පිලව බල්ටියක් ගැස්සුවා...දැන් සැරටම කඩේ යනවා...මුන්ගෙ පිට කොන්දක් කියලා දෙයක් නෑ...නිවට උන්...ඡන්දෙන් පස්සෙ අරලිය ගහ මන්දිරය වටලන්න ගිය පීචං ඩයල් එකකුත් ගෙම්බන් පිල අසලම ඉන්නෙ...මුන්ට කරන්න පුලුවන් දෙයක් නෑ...ඒත් කැමරාවක් මයික් එකක් දැක්කම දෙන්නෙ තවුසන්ඩ් ටෝක්...,1
මහසෝනා...පව් නොදී පලයං ඩෝ... තමන්ගෙ ගෑණි එක්ක කියලා අසංවරව හැසිරෙන්න බෑ බොල අපේ සමාජය ඉස්සරහා...,1
මගේ නැසීගිය සීයා කෙනෙක් බණ්ඩාරනායක මහත්තයව බොහොම ගෞරවයෙන් සලකපු කෙනෙක්. එතුමාට වෙඩි තිබ්බ දවසෙ ඉදන් ආදාහන කටයුතු අවසන් වූ දවස දක්වා පත්තර ටික සීයා එකතු කරලා තියෙනවා..මේ වගේ දැන්වීම් ඒවායෙ ඉතා සුලභයි. මේ දැන්වීම් වල තියෙන විසුලු සහගත සිංහල වලට හේතුව තමයි එවකට පත්තර කාර්යාල වල සිංහල නොදන්නා ඉංග්‍රීසි වලින් ඉගෙනගත්ත අය සේවය කිරීම. ඒ අය ඉංග්‍රීසි අමුවට සිංහලයට පරිවර්තනය කලා...,0
උඹට දෙන්න කියලා මාලු කටු මැස්මෙන් උඹේ නම මහලා වැලට දාලා වේල වේල තිබ්බ මගේ තඩි වව්ලා පව්....,0
උඹේ කටේ මසුරන් දාන්න ඕනෙ කොල්ලො...මෝඩ බයියන්ට ඕනෙ තමන්ගෙ දරුවන්ට නැතත් බේබිලාගෙ කෙලි බලාගෙන හුරේ දාන්න..මේ වගේ පිටකොන්දක් නැති අපෘෂ්ඨවංශිකයො ටිකක් හැබෑට...මුන්ගෙ ඔලුවල මරාගෙ පාලන කාලය තුල ඇතිකලේ වහල් චින්තනය...,1
සිංහ ලේ...අමාරුව දැන් හොද ඇති දැන්...,0
කොහෙද බොල ඔය දෙවියන් වහන්සෙ ඉන්න‍ෙ...තොපි වගේ ගොං හරක්...,1
බල්ලා බිරුවෙ නෑ කියන්න‍ෙ මේක බොහෝ දුරට ගෙදර කෙනෙකුගේ වැඩක්...නැත්තං ළඟම ඥාතියෙකු...හිතවතෙකුගෙ වැඩක්...මොකා උනත් අල්ලපු ගමන් එළොව යවන්න උවමනායි.,0
මේ මානසික විකෘතියක් තියෙන කාමාතුරයෙකුගෙ වැඩක්. මේ කාලකන්නියව අහුඋනාම හිරේ යවයි කියලා මට විශ්වාසයක් නෑ...සැගවූ ආයුධ හොයන්න එක්ක යන්න තියෙන ඉඩ වැඩියි.,1
අනේ පල බොරු නොකියා...ලෝකය පැතලියි කියපු...වාහන පදවපුවාම ගෑනුන්ට දරුවො වදන්න බෑ කියපු මහාමොළ කරුවො ඉන්න රටක්නෙ සවුදිය....තෙල් නැති උන දාට ඕකුන් අපේ රට වලට එයි වැඩකාරකමට...එදාට දෙමු බැස්ටිය.,0
අල්ලා.........ගන්න බැරි උනිද මේ යකඩ කඳ........,0
රෝහිත පුතා ගංජා ගහනවද...දත් ටිකේ ගන්න දෙයක් නෑ.,0
ඒ උනාට වයසක ගෑණු කෙනාගෙන් පලිගන්න ආවොත් මාළු ලේ වෙනුවට මිනිස් ලේ තමයි ගලාගෙන යන්න ඉඩ තියෙන්නෙ. මේ ගෙදර ගෑණු කෙනාට තිබුනෙ උඩුමහලෙ පොඩි ආවරණයක් හදලා ඒක හිල් කරලා කුලියට දෙන්න. බිස්නස් වෙරළෙන්ම හොයාගන්න තිබුනා. අන්න එහෙමයි කළමණාකරණය දන්න අය වැඩ කරන්නෙ. අරුන් දෙන්නගෙ වැඩෙත් කෙරෙනවා...අහක ඉන්න ගෑණු කෙනාට ගතම් එකකුත් අතට ලැබෙනවා.,0
කයියය විතරයි...නැත්තං මෙලෝ රහක් නැති එකෙක් තමයි...කිසිම දෙයක් හරියකට කරගන්න බැරි මිනිහෙක්. අරලිය ගහ මන්දිරේ ගේට්ටු අරින මෙහෙයුමට ගිහින් අම්බානක කිච වෙලා දැන් පීචං වෙලා ඉන්නෙ.,1
පැහැදිලිවම කැකිල්ලේ තීන්දුවක්...ඉතාම පිළිකුලෙන් හෙළා දකිනවා. රාජ්‍ය බලයේ රස්නය ඇගට අරගෙන ධාවනය කරපු මෝඩ රියදුරෙක් වෙනුවෙන් වරදක් නැති රියදුරන් දෙදෙනෙකු දංගෙඩියට දැක්වීම...මෙහෙම නඩු කාරයො මොනවටද අපිට...,0
සින්දුව කියන එකා අමරදේවව මරනවා...අම‍රදේව වෙන්න කාටවත් බෑ...එහෙම එකේ මේ අනුවනයා ඒ වැඩේ කරන්න අමාරුවෙන් දරන උත්සාහය දෙස උපහාසයෙන් බලා හිටියා.,0
ඇඩෙනවා...,0
සුභ අනාගතයක් හිරු නිකර් දුවේ...ඔයා යන ගමන අංශක 78 කෝණයෙන් බැලුවාම මට පේන්නෙ කාගෙත් සුන්දරී වෙලා නතර වෙයි කියලා අනාගතේ...,0
සෝමාවතියට සෙනග ගෙන්න ගන්න හාස්කම් කියන වචනය සැරටම යොදාගන්න එහි නේවාසික හිමිවරු පෙළඹිලා. ඔතන තියෙනවා හාස්කම් උනා කියලා අතීතයේ වචේච සිදුවීම් වල ඡායාරූප. ඒ හැම දෙයක්ම සටහන් වෙලා තියෙන්නෙ ගාමිනී ජයවික්‍රම පෙරේරා කියන පාර්ලිමේන්තු මන්ත්‍රීගෙ කැමරාවෙ. මේ ලිපියෙ තියෙන සිදුවීම වෙද්දිත් මිනිහා එතැන...ඒ අනුව පැහැදිලිව පේනවා හාමුදුරුවන් සමග ඇති කරගත්ත එකගතාවකට අනුව ගාමිණී ලොක්කා කැමරාවෙන් මැජික් පෙන්වනවා කියලා...මොකද මිනිහගෙ කැමරාවෙ විතරක් මේවා සටහන් වෙන්නෙ....අමු බොරුවක් මෙතන යන්නෙ....,0
මහා එකාගෙ ව-- නැති පො-- ත් මුන්ට කියලම අත ගාවගන්නව ඇති....ඉතිං කොහොමද යකෝ වහන්නෙ....,1
මුන්ට යකෝ ඇටෙන් පොත්තෙන් එන්න කලින් ලව්...දෙමාපියො යමක් උනාම අඩලා වැලපිලා වැඩක් නෑ....තමන්ගෙ ගෙදරටම මේ කොල්ලා එනවා කියන්නෙ මේ හැමෝම දැනුවත්ව මේ මූසලයා කෙල්ලට ලව් කොරන්න ඇත්තෙ....,1
පවු ඉතිං කාගෙ හරි දරුවෙක්නෙ...හොද සල්ලිකාර මුදලාලියෙක් මුණ ගැහුනාම මෙයාට නැති ආදරයක් පහළ වේවි...නිළියො හැමෝම වගේ සල්ලිකාරයන්ට විතරයි ආදරේ...,0
මේ සතා දැන්වත් මෙතෙක් වින්ද දුක් කරදර වලින් එතෙර වෙයි...පෙරහැරේ ගිහිල්ලා මේ සත්තු පුදුම දුකක් විදින්නෙ...බුදු බණ කියන අයට ඒවා පේන්නෙ නෑ. අලි කියන්නෙ පන්සල් වල ප්‍රදර්ශනය කරන්න ප්‍රදර්ශන භාණ්ඩයක් නෙමෙයි.,0
අනේ ඌට ඉබෝලා නම් කරුණාකර අරලිය ගහ මන්දිරයට යවන්න....රටට අහිතකර ගොඩාක් උන් එතැන ඉන්නවා....,0
තොගෙ ජංගි එකතුවෙන් එකක් ජොන්ස්ටට දීහංකො ඇදගන්න...,0
සහතික ඇත්ත බොල..මුගෙ කපාපු පළුව...ඒ කොල්ලා එක්ක මේ ලගදි රූපවාහිනියට ආවා. විශ්වාස කරපං තාලෙට සින්දුවක් කියා ගන්න කොහොමවත් බෑ...ඒකෙන්ම ඔප්පු වෙනවා ඒකා නම් අතුලයගෙ නෙමෙයි කියලා...,0
ළමයගෙ පෙනුමෙ හැටියට තාත්තා අරාබියෙක්...එච්චරයි මට කියන්න පුුලුවන්...,0
මේ වගේ බලයට කෑදර පෙරේතයෙක් ලංකා දේශපාලන ඉතිහාසයේම ඉන්න නැතුව ඇති...,1
කොල්ලා අහිංසක පාටයි...පොත්තෙ රතට අහුවෙලා කියලයි මට හිතෙන්නෙ...,0
මුගෙ මූසල මූණ පෙන්නලා හිනා උනාට...මූ හදවතින් අඩනවා..ඒක වහගන්න හිනා වෙනවා...,1
මුන් ටිකට ඉතිං ලොකු අප්පච්චිගෙ පිහිටම තමයි...හොරු රැළයි බඩු ගොන්නයි.....,1
මේ තනතුර ලබාදෙන්නෙ වයස බලලා නෙමෙයි..බුද්ධ ශාසනයේ චිරස්තිථිය වෙනුවෙන් කල සේවය සහ අත්දැකීම් බලලා..වයස 95 ක් කියන්නෙ මොන තරම් අත්දැකීම් සම්බාරයක් සහිත හිමි නමක්ද...ඒ අත්දැකීම් වලින් තමයි ඊට පහල අය ප්‍රයෝජන ගන්නෙ. තරුණ කෙනෙක්ට මේ පදවිය දරන්න බැරි ඒ නිසයි.,0
රෙඩ්...කවුද බං මේ හිපාචුවා...උඹේ සීයා ඔය තරම් ප්‍රසිද්ධ නම් නම කියහංකො...,1
මහින්ද කියන්නෙ පිස්සෙක්......මේ කථාව ඇහුවම මට තේරුනේ ‍එහෙමයි...,1
මූ ඇවිල්ලා අක්කා කෙනෙක් බැදගත්ත පොන්සියෙක්නෙ...,1
පොඩි කොල්ලට නම් ෆුල් ආතල්...,0
ලංකාව හොදයි වගේ ඇමරිකාවට වඩා...,0
අගල් 32 ට අඩු උන්ට පියයුරු පිළිකා හැදිලම නැද්ද එතකොට....,0
පුදුම ලෝකයක් යකෝ මේක...අජීවී බඩුවකට සජීවී බඩුවක් විකුණන එකත් අමුතු කලාවක්...,0
සමහර පින්තූර හදවත සංවේදී කරනවා...විශේෂයෙන් උපාධිය ලැබූ පුතා අසල සිටින පියා...ඔහු ඒ සදහා කෙතරම් මහන්සි උනාද කියන දේ බාහිර පෙනුමෙන්ම අපට හිතා ගන්න පුලුවන්...,0
මේක දෘෂ්‍ය ප්‍රයෝගයක්....සැබෑවක් නෙමෙයි...,0
එළ කොල්ලෙක්නෙ....,0
අපි දන්නෙ නෑනෙ අනේ මෙහෙම කෙනෙක්...දැන් නිළියො කියලා ඉන්න තරමක් ඉන්නෙ අදුනන අය නෙමෙයිනෙ...මුන් කොහෙද රගපාන්නෙ...තිරය පිටුපසද...,0
මුගෙ තාත්තා සල්ලි වියදම් කලේ නැත්තං අද සුනිලෙක් නෑ....මුන්ට සින්දු හදන්න මුල් කාලෙ...අද මෙතන ටෝක් එක දෙන්නෙ හැමදේම මිනිහා කරගත්තා වගේ...බැන්දෙ අවුරුදු 15 ක චූටි කෙල්ලෙක්...ඒ කෙල්ලට අවුරුදු 20 වෙද්දි දරුවො 5 ක්...මිනිහා ක්‍රිස්තියානි උනාට හැම මගුලටම ඉස්සර කරගන්නෙ බුදු දහම...මම නම් ආසම නැති එකෙක්...ස්ටැග් නයිට් වීඩියෝ එකෙන් අපි මේ වැද බණ කියන එකාගෙ හැඩරුව දැකගත්තා...නෙදකින් මෙහෙම උන්..,0
ලොකු සද්ද දාගෙන එද්දි මම හිතුවා....,0
පවු වැඩේ...අසරණ කෙල්ලෙක්ව තවත් අසරණ කරන නාකියෙක්...නාකින්ටත් පුදුම විසයක් තියෙන්නෙ හැබෑට...,0
අම්මෝ භය හිතෙනවා....,0
අප්‍රමාණ සන්තෝෂයි සෙල්වා උඹට මෙහෙම ඝණ දෙවි නුවනක් පහලවීම ගැන...වාරියපොල එකීගෙ ඇද වෙච්ච මුහුණත් අපිට පෙන්වනවා නේද ?,0
මෙලෝ රහක් නැති නළුවෙක් මට නම්...විජය වගේ පොඩි පෙනුමක් තියෙන නිසා මිනිහා හිතාගෙන ඉන්නෙ මම තමයි පොර කියලා....හීනමානයකින් පෙළෙන ගොයියෙක්....,0
ඇයි උඹට රිදුනද...උඹලට ඕනෙ අහිංසකයෙක් බයිට් වෙන විදිය බල බලා හිනා වෙන්නද..නෙදකින් හාල් පාරුවා....,1
රුව වගේම හඩත් ඉතාම සොදුරුයි..හොද නිර්මාණ සමග කලා ලොව දිගු දුරක් යන්නට සුභ පතනවා...,0
හෙනම ගහපිය මේ කාලකණ්නියට...,1
කොල්ලට සනීප වෙච්ච ගමන් සෙල්ලයියෙ උඹව හොයාගෙන තමයි එන්නෙ...උඹ උන්ට පිහියෙන් ඇනපු නිසා දැන් ඇතුලෙනෙ...එළියට එද්දි වටපිට බලලා එළියට වරෙං....,0
පිරිමි ළමයි වටේ හිටියද අහනවා....මේ කොල්ලා ගුටිකනකං රෙදි ඇදගෙන බලාගෙන හිටිය උන් පිරිමිද ? මට නම් හරිම වේදනායි මේ සිදුවීම සහ සෙල්වාට වෙච්ච දේ...හැකියාවක් තියෙන කෙනෙක් මේ අසරණයට ජීවත් වෙන්න පුලුවන් ආදායමක් ලැබෙන රැකියාවක් ලබා දෙනවා නම් ඉතාම වටිනවා....නැතුව මේ චරිතය විහිළුවකට අරගෙන බයිට් කරන එක නෙමෙයි කරන්න ඕනෙ....මේත් මිනිස් ජීවිතයක් කියලා හිතන එකයි වැදගත්.,0
කණගාටුදායක මරණයක්...සාදයකට ගිහින් ආව නිසා මත්පැන් එහෙම පාවිච්චි කරලා හිටියද දන්නෙත් නෑ.,0
මුන්ගෙ විකාර අහන්න අපිට වැඩ නැද්ද....මෙලෝ රහක් නැති බඩ්ඩකටනෙ කෝල් කරලා විස්තර අහලා තියෙන්නෙ.,1
අපිට පාන්ද...ඉන්දියාවෙ උන් ඕනෙ එකෙක් බැද ගත්තදෙන්....අපේ කෙනෙක් ගැන කිව්වා නම් මීට වඩා වටිනවා...,0
අනේ ඕකිට ඔය දේපල හිමි නොවෙන්න මේ මිනිහා කරෝල වෙනකං ජීවත් වෙන්න ඕනෙ....,1
කොටුවෙ පොලිසියෙ කාලකන්නි පොලිස් ට්‍රැෆික් බල්ලො හම ගහන්න ඕනෙ...138 බස් වලට ඕකුන් නිරපරාදෙ දඩ ලියනවා...මහ පාර උඩම ජාතක වෙච්ච උන් කියලා උන් හිතාගෙන ඉන්නෙ...,1
අනේ අම්මේ මෙහෙමත් අම්මලා...මුන්ට චූන් එකට ලැබෙන ළමයි මේ...නැතුව ළමයි හදලා නෙමෙයි...,1
ගොන් මී හරක්...උඹ දැන් ඉස්සරවෙලා ඕක ගත්තා කියලා උඹට මහ නිධානෙ පහල උනාද....,1
කකුල උඩ තියාගෙන ඉන්නෙ හුළං වදින්නද ?,0
ගණිකා ව්‍යාපාරය ලංකාවෙ නීතිගත කල යුතුයි. අපේ සංස්කෘතිය / සදාචාරය ගැන බොරුවට උදම් අනලා වැඩක් නෑ....ඒවා මේ වෙද්දි අන්තෙටම පිරිහිලා...පොඩි කෙල්ලෙක්ට පාරෙ යන්න බැරි සමාජයක් දැන් තියෙන්නෙ.,0
මුගෙ ප්‍රශ්න මේකටම හොදයි...ගෑණි රෑ වෙලා ගෙදර එද්දි...උදේ ඉදන් කෝල් වලට උත්තර නොදී ඉද්දි ඒක ඒකිගෙ මිනිහා අහන්නෙ නැත්තං අහන්න ඕනෙ අල්ලපු ගෙදර එකාද ?,0
ගොන් මීහරක් මූසලයෙක්...තමන් දැඩි සේ ආදරය කලා නම් වෙන්වුනාට පස්සෙත් ඒ ආදරය තියෙන්න ඕනෙ...මූ මහ වසලයෙක්...,1
පව්....ඔයා කුක්කු බබා කියලා අපි දන්නෙ සෑහෙන කාලෙක ඉදන්...,0
හැබැයි පුතෝ ඔය පව්ඩර් බබා ව දැකල චන්දය දෙන එක කෙසේ වෙතත් නැතිවෙන ප්‍රමාණය නම් වැඩියි !,0
මම හිතන්නේ වෙනුවෙන් කරන්න පුළුවන් ලොකුම දේ තමයි පැත්තකට වෙලා ඉන්න එක .,0
ජනපති තුමනි !,0
ඔබ යටතේ සිටි පාලකයින් ඔබ තුමාව රෑවැටිටුවා. ඔබ තුමාගේ අදහස් පරිදි මිනිසුන්ට සාදාරණයක් ඉෂ්ඨ උනේ නැහැ. විශේෂයෙන් ප්‍රධාන පාරට පෙනෙන පරිදි පමණක් විතරයි අතුරැ මාර්ග සාදා තිබෙන්නේ. සමහර පාරවල් නියම ප්‍රමිතියට නැහැ දැනටමත් කැඩී අවසන්. ඒ මුදල් වලින් වැඩි කොටසක් අදාල බලධාරීන් විසින් සොරකමි කරනවා. ඒවැනි කරැණු වලින් මිනිසුන් කලකිරිලා සිටියේ.,0
ඔබට බුදු සරණයි !,0
මේ වගේ දේශපාලන සරණාගතයන්ට මහින්දගේ එක මයිලක්වත් හොලවන්න තියා හිතන්නවත් බෑ....................,1
මූ මොන පැන්සියෙක්ද මූට හොද දේශපාලනය නෙමෙයි ගවපාලනය..............,1
සහතික ඇත්ත කොලුවේ මේකෙ ඉන්න මහ එවුන් මහජාතිය රට ඇතුලේ වහල්ලු කරල තියෙන්නේ................,0
සිංහල ජාතිය වෙනුවෙන් කථාකරන එවුන් ජාතිවාදියෝ දේශද්‍රෝහියෝ......... හැබැයි උන්ගේ ජාතිය වෙනුවෙන් කථාකරන ද්‍රවිඩයන් මුසල්මානුවන් ජාතිවාදිත් නෑ දේශදේශද්‍රෝහිත් නෑ.......... අනෙ මගේ කට.............,0
සහතික ඇත්ත හාවෝ..........,0
සහතික ඇත්ත කොලුවෝ........ මෙච්චර කල් නිදන් හිටිය ඇති........,0
පංකාදු වැඩක්නේ................,0
මේ යකානේ අර තොරතුරු තාක්ෂණ කොල්ලට ගහපු කේස් එකෙන් ලංකාවටම චාටර් උනේ...............,0
තෝ නම් සිංහලයෙක් වෙන්න බෑ කැනහිලා...............,1
මෙම කාන්තාව මැද පෙරදිග රැකියාව කර නැවත පැමිණෙන විට අප රටට ගෙනවිත් ඇති දායාදය ගැන අපගේ බලවත් සතුට මෙයින් පළකර සිටිමු....,0
පුතේ නුඹට වාසනාවන්ත අනාගතයක් උදා වේවා....,0
මෙම වාසනාවන්ත දරුවා ජාතක කලේ කුමන විජාතික පියෙකු දැයි සිතීමට තරම් අප රටේ මිනිසුන් අස්සීල නොවීම ගැනත් මාගේ අතිබලවත් සතුටටද මේ සමග ප්‍රකාශ කර සිටිමි....,0
අම්මගේ පන බේරපු පුතේ නුඹ බෝධිසත්ව දරුවෙකු බව මගේ අවංක හැගීමයි....,0
නංගිගේ ලැමේ හිටියේ උඹමද ගැට පොළොගෝ... නැත්තම් වෙන එකෙක්ද....,0
හරි පුදුමයි....,0
රෝහල් සේවිකාවකට මෙහෙම නම් රෝහලේම අය සලකන්නේ අසරණ ලෙඩුන් ගැන කවර කතාද???,0
දැන් කාලේ රෝහල්වලට බයනැතුව යවන්න පුළුවන් මරණීය දඬුවමට නියම වුනු උන් විතරයි....,0
හෙන හතම ගහන්න ඕනේ මේ මරනෙට වග කියන්න ඕනේ හැම එකාටම...,1
කටිනෙ ගහගන්න ඕනේ මුන්ගේ ....කේ,1
ගැට පොළඟා නංගිගේ ලැමට තුරුළු වෙලා හිටිය එක හොඳට ගියා.... බරිවෙලා වත් නංගිගේ ගුලට රින්ගුවා නම් මල ජංජාලයක් වෙනවා....,0
ඉස්තුතියි රොෂාන් කොලුවෝ...,0
අරෝෂා සොයුරිය ඔබ මේ පුවත රටටම දැනගැනීමට සැලැස්වීම ගැන ඔබට මාගේ ආචාරය....^_^,0
මේ මරණය පිටිපස්සෙ අර මන්තිරියා අනිවාර්යෙන්ම ඇති...මොකද ඒ මිනිහට ළිදට පැනලා මැරෙන්න පිස්සුවක් නෑනෙ.,0
අද නයනා නැද්ද ? චන්න කාලෙකට පස්සෙ පවුල ලගින් ඉන්නෙ...,0
සැගවූ ආයුධ හොයන්න මුන් සෙට් එකෙන් කීප දෙනෙකුයි...අනිත් උන් අත් දෙක බැදලා පීනන්න වගේ යොමු කලා නම් මේ කාරණය සම්පූර්ණයි.,0
නිල් පාට ටොප් එකක් ඇදපු නිළිය කවුද ?,0
තූ නෙදකින්....,1
කෝ බොල සෙනග හිස් පුටු වලටද මේකි කථා කරන්නෙ.,0
මුන් ටික කොප්ප ටික ෆොටෝ එකට පේන්න අල්ලගෙන ඉන්නවා...උන් දන්නවා අපි බිව්වට උන් බිව්වොත් හැදෙන ලෙඩ...,0
මේකෙ නිලධාරී මණ්ඩලය අතර කුඩ්ඩොත් ඉන්නවද මන්දා....,0
දැක්කෙත් අදයි...ඒකෙත් මූණට කලින් දැක්කෙ රණ හංසයො....,0
මේවා ගැන පුදුම වෙන්න දෙයක් නෑ බං...ලංකාවෙ දේශපාලනේ කියලා අපි දකින කාලකණ්නි මඩ ගොහොරුව උගත් මිනිහෙක්ට ගැලපෙන්නෙ නෑ...මේ වගේ හිස්වචන කථා කරන මෝඩයන්ටම තමයි ගැලපෙන්නෙ.,0
ඒ උනාට වධාකාගාර දාලා කොල්ලන්ට වධ දීපු ඉතිහාසය තමයි මකන්න බැරි නේද බං....,0
පවු යකෝ අරක්කු ටිකක් බොන්න විදින දුකක්....,0
ඊස්ට්‍රජන් හෝමෝනය වැඩිපුර නිපදවෙනවා ඇති ශරීරයේ....ඒ ද්‍රාවණයේ ගුණාත්මක බවක් තිබෙනවද කියලා සොයා බැලීමත් වැදගත්...,0
මුන් කුරුණෑගල නම් ඉතින් කාගෙ ගෝලයොද කියලා හිතාගන්න පුලුවන්නෙ...යකඩ පොලු අතේ තිබුනත් මම වගේ එකෙක් එවලෙ එතන හිටියා නම් ඕකූන්ට ගහනවා මැරිලා වැටෙන්න....රක්ෂිත බන්ධනාගාරගතවෙලා සති දෙකකින් ගෙදර යයි...ඕකනෙ වෙන්නෙ....,0
අජන්තා රණසිංහ දෙකට ගනින්න බැරි සිල්ගත්ත උපාසකයා වගේනෙ ඉන්නෙ...මුන්ගෙ ඇත්ත කෙරුවාව මේ කියන්නෙ....අනේ අම්මපා මුන් වගේ කුහක හැත්තක්.....,1
සුභ අනාගතයක් මැතිණිය...සල්ලි කදු ගොඩගහන්න මහන්සි වෙන....දේශපාලුවන් ඉන්න රටක,0
මේ වගේ අහිංසක ජීවිත එක්ක සෙල්ලම් කරන කාලකණ්නින්ට නිසි දඩුවම දෙමු....,0
අමු මිරිස් අභියෝගය කියන්නෙ අයිස් බකට් තැටියෙ පුච්චපු තවත් රොටියක්....ආධාර එකතුකිරීමේ අරමුණ හොදයි...ගොං ජෝක් චාටර්...,0
අනිවාර්යෙන්ම උදව්වක් කරන්න...ඔබට ඒ හැකියාව මූල්‍යමය අතින් තියෙනවා නොවැ....එතකොටයි ඔබ ජනතාවගේ ක්‍රීඩකයෙක් වන්නෙ.,0
වැඩක් නෑ කියලා.....ලංකාවෙ හිටියා නම් මුන්ව අංගොඩ මානසික විද්‍යායතනයට යවන්න තිබුනා.,0
ෂුවර් එකටම ඔය කියන ගුරුවරී මේ පිනාගෙ හොර ගෑණි....ලකුණු දාගන්න ළමයි ටික මළගෙදර එවන්නං කියලා මේ පිම්පියා පොරොන්දු වෙන්න ඇති...මුන්ට ගහන්න ඕනෙ ඇඳුම් ගලවලා...,1
ඔය ලිස්ට් එකේ වැඩිහරියක් ඉන්නෙ කලා කරුවොයැ...කලා හොරුනෙ...ලාබෙට විකිණෙන හින්දා මුන්ව ගෙන්වනවා ඇති...,1
අනේ අසරණ පනා පුත්‍රයා....රාජපක්ෂලගෙන් හිතපු තරං ගාන කැපෙන්නෙ නැති තැන දුකට කියන කථා...මෙයා කඩේ ගිය තරම් කිසිම කලාකාරයෙක් ආණ්ඩුවට කඩේ ගිහිල්ලා නෑ.,0
එතන අඩුවෙද්දි ඊට උඩ පුහුල් ලොකු වෙලා...,0
කැකිල්ලේ නඩු තීන්දුව මතක් උනා....තඩියෙක් දැක්ක කාලයක් මතක නෑ...,0
පුංචි අම්මලා දෙන්නා කලින් දූෂණය වෙන්න ඇති....,0
බුදුන්ටත් පාන පත්තු කරගෙන තමයි බිස්නස් එක කරලා තියෙන්නෙ...,0
හෙනම ගහපිය....හොරුන්ට...,0
මමත් සල්ලි සල්ලි කියලා බලන්නෙ නෑ...මිනී අදින්න පුලුවන් හර්ස් එකක් ගන්නවා....සයිඩ් එකෙන් ගානකුත් කපාගන්න හැකි නිසා...,0
ටීවී එන්නත් කලින් ජනතාවගේ හදවතේ හිරු තිබ්බා කියන්නෙ..ජනතාව මරිජුවානා ගහලද ඒ කාලෙ උන්නෙ...,0
කළගුණ නොදත් මෝඩ මුවා.............. දැන් ඉන්න මුවොත් මුනිස්සු වගේමනෙ.............,1
යකෝ හලාල් සහතිකය තහනම් කරන්න බැරි රටකට මෙවා හොද ආදර්ශ තමන්ගේ ආගම ජාතිය රැකගන්න උන් ඕනම දෙයක් කරනව.....................,0
ඉරානයේ තානාපති තුන්කාල හිතන් ඉන්නේ ලංකාවේ ඉන්නේ ලිං මැඩියෝ කියල උඹලගේ චූන් උඹලටම චූන් අපි දන්නව ඇත්ත මොකක්ද කියල..........,1
මේ කොලුවත් දන්න දේවල්................,0
මොහමත් ලෝකයක් ඇයි මිනිස්සු මේ තරම් කාම ගින්නෙන් දැවෙන්නේ..................,0
ඉදල ඉදල පොර කොලුවත් හොද කොමන්ටුවක් දාල තියෙන්නෙ........:),0
බුදුවෙන්නට පෙරුම් පුරන සැබෑ යතිවරයෙක් ඔබ වහන්සේට නිරෝග සම්පත්තිය ලැබේවා................,0
මුන් නම් හිතන් ඉන්නේ කැම්පස් නොයන ඔක්කොම මෝඩයෝ කියල. මේ විදියට හිතන උබලට කියන්නේ උගත් මෝඩයෝ කියල..................,1
ඇත්තටම ආසාවට ගියානම් පව් මේ කොලුවා...........,0
තලන්න ඕනේ ජීනාගේ අහවල් එක.............,1
මුගෙ _කේ අමාරුව දැන් හොද ඇති.,1
හැංගිලා ඉන්න එකාට විදින්න ඕනෙ හරක් සිරින්ජරයෙන් කට කපලා පිස්සු බලු බේත...,1
මේකටද බං ලිච්ඡවී පාලනය කියන්නෙ....දහම් පාසල් නොගිය නිසා දන්නෙ නෑ....,0
මේ කන්සෙප්ට් එක දැන් යල් පැනලා...කිසි ගතියක් නෑ දැකලා දැකලා...කොටින්ම කියනවා නම් මෙලෝ රහක් නෑ...,0
මෙහෙම පැරදුනොත් මිනිස්සු කිරිකොට් වෙනුවට එල්ලෙ ගහන්න ගන්නවා...,0
පළාත් සභාවක ඇමතියෙක්ට කොහෙන්ද මේ තරම් හයියක්...මූට අමතක ඇති ලොකු අප්පච්චි ගෙදර ගියා කියලා...,0
ඇයි ළමයි වඩාගන්න පුලුවන් උඹලගෙ මහ බයියට විතරද...අනේ පලයං බයි බන්දුල....,0
එහෙම තමයි බං පාන අල්ලපු උන්ට ඇමතියා සලකන්න එපායැ...,0
බන්දුල මේ ජ*** ඇදගන්න...,0
ගීතා හැට පැන්නත් තාම බිමින් ගමන් යන්නෑලූ................,0
බාල මෙගා රැල්ලට වඩා ආදර්ශමත් ඉතා ශ්‍රේෂ්ඨ ගනයේ නිර්මාණයක්.............. ඒ වගේම ඉතා විශිෂ්ඨ රංගනයක්.............,0
අනේ චංගුමී දුවේ මාමාට ආඩම්බරයි උබගැන................,0
අනේ ගත්ත පින්තූර දාන්නකො අපිටත් බලාගන්න.........,0
සහතික ඇත්ත කාලකණ්නි හැතිකරේ මුන් ඔහොම්මමයි............. මස්කෙළියේ කොටි පැටව්,1
සහතික ඇත්ත කවියාගේ කථාව මේකෙඉන්න පරංගින්ට පාවාලදුන්න එවුන්ටයි හම්බයටයි තම්බියටයි මේ රටේ සංස්කෘතිය ඉතිහාසය ගැන වැඩක් නෑ පර හැත්ත................... මේ ගුරුවරුන්ට වහාම පරීක්ෂණයක් තියල දඩුවම් දෙන්න ඕන................,1
ඔතන එකෙක් හිටියෙ නැද්ද ඕකුන්ගේ කනෙන් අල්ලල ඇදල දාන්න...................,0
සක්කිලි හැත්ත මේ වාගේ එවුන්නේ රටෙන් කෑල්ලක් ඉල්ලුවෙ.............. මුන් එක්ක ගිය ගුරුවරුන්ටත් දඩුවම් කරන්න ඕන අසමජ්ජාතියෝ..............,1
මූ මීට කලින් මාධ්‍යවල කථාකරපු අපේ කිරීඩකයෝ ඔක්කොම අවමානයට ලක්කලා මුග්දයා......,1
මූ මීට කලින් මාධ්‍යවල කථාකරපු අපේ කිරීඩකයෝ ඔක්කොම අවමානයට ලක්කලා මුග්දයා......,1
විශේෂඥ දොස්තරලා මෙහෙම ගුටි ඇණ ගන්නවා නම් සුළු සේවකයො ගැන කවර කථාද....මට හිතෙන්නෙ දැන් කරන්න තියෙන හොදම වැඩේ දොස්තරලව ලෙඩ ඇදට දාලා ලෙඩ්ඩුන්ව දොස්තර කරන එක.,0
හදවතින්ම ප්‍රාර්ථනා කරනවා....ඇයට ඉක්මන් සුවය ලැබෙන්න කියා....වෙදහාමිනේ වැනි ලංකාවේ ටෙලි නාටක කලාවේ සුන්දර අතීතයක් අපට උරුම කලාට බොහොම පිං....,0
ලක්ෂ 20 පොතේ දාගෙන වෙන කොල්ලෙක් එක්ක ඉස්සරහා දවසක සැට් වෙන හීනයක් මේ නගාට තියෙන්න ඇත්තෙ.,0
ලක්ෂ 20 දීලා බදින්න බඩ්ඩක්ද අප්පේ මේක......කොයි ලිදෙත් වතුර එක රස කොලුවො. උඹ බේරුනා කියලා හිතාගනින්.,1
මුගෙ අහ වල් එක ලාච්චුවට දාලා තද කරන දඩුවම ක්‍රියාත්මක කලා නම් හරියටම හරි.,1
පොඩි බයිසිකල් පැද පැද හිටිය රාළහාමිලාට මේවා දෙන්න කලින් ඒවා පාලනය කරන ආකාරය ගැන හොද පුහුණුවක් දෙන්න තිබුනෙ.,0
වත්තල ශාන්ත අන්තෝනි විදුහලෙන් ක්‍රිකට් අත්පොත් තිබ්බ මෙයාට දැන් ඒ පාසල මතකම නෑ. පුවත් පත් සාකච්ඡා වලටත් මෙයා තමන්ගෙ පාසල විදියට කියන්නෙ අවසානයට ඉගෙනුම ලැබූ පාසල ගැන පමණයි. හොද ආර්ථික තත්වයක් නොතිබුන වටපිටාවක මෙයාගෙ ක්‍රිකට් ගමනට අන්තෝනි විදුහලේ ආදි ශිෂ්‍යයො තමන්ගෙ පුද්ගලික මුදල් පවා යොදලා සෑහෙන්න උදව් කලා. නමුත් අවසානයේ මෙයා තමාගේ ගමන ගිහිල්ලා උඩට එන්න අත දුන්න ඉණිමගට පයින් ගැහුවා.,0
මම මේ පාසලේ ආදි සිසුවෙකු නොවුනත් ලංකාවෙ නම ගිය සමාගමක ඉහළ පෙලේ තනතුරක ඉන්න මේ විදුහලේ ආදි සිසුවෙකු තමයි මේ කථාව මට කිව්වෙ. මුල මතක නැති උන්ට යන්න පුලුවන් කෙටි දුරක් විතරයි.,0
මේවා සෝඩා බෝතලේ කැඩුවා වගේ තමයි...සෙනග නැතුව වේලෙනකොට රැස් බැහැලා නියම ගානට මිළ පහත් වෙයි.,0
මෙන්න කෙල්ලො.....නංගිට විසිල් එකක් ගහන්න ඕනෙ...කරපු වැඩේට...,0
මෙතන තියෙන සිදුවීම් ෆ්‍රී ෂුට් වලදි විතරක් නෙවෙයි. එදිනෙදා ජීවිතයේදීත් වෙන්න පුලුවන් අනතුරු...අනතුරු ඕනෑම තැනක වෙන්න පුලුවන් නොසැලකිල්ල නිසා. ඡායාරූප ශිල්පියාගේ වගකීම තමයි අවධානම් සහගත ලෙස ඡායාරූප ගන්න කියලා කපල් එක කියනවානම් ඒ ගැන ඒ අයව දැනුවත් කරලා තමන්ගෙ සේවය සලසන එක. නැතුව මේ වගේ පෙර ඡායාරූප ගැනීම අවධානම් කියලා ලිපි ලිව්වම අපට හිතෙන්නෙ මේ ලිපිය ලියපු කෙනා මේ සංකල්පයට විරුද්ධ කෙනෙක් බව පමණයි.,0
උද්ඝෝෂණ අරවා මේවා මොකුත් නැද්ද බන්ස්ලා...,0
ඉගිලෙන මාළුවෝ ඔය කියන දර්ශනය චිත්‍රපටියට බලෙන් ඔබන්න හදපු එකක් කියලා ප්‍රේක්ෂකයාට දැනෙනවා...,0
මූ පිස්සෙක්නෙ....ගායකයෙක්යැ...,1
මේවාට හිනාවෙන්නෙ කටින්ද වෙන කොහෙන්ද කියලයි මම මේ කල්පනා කලේ...ජනතාවට සේවය කරන්න එන ජනතා සේවකයන්ගෙ ජාතකේ දැක්කම ඉස්සරහට ලංකාවට හොද කලක් යයි වගේ.....,0
ලංකාවෙ මහජන මුදල් හොරාකන දේශපාලුවොත් මෙය දැනගත යුතුය...බලය නැති වූ දවසක තමාටද හිරේ තපින්නට වෙන බව...,0
දකුණෙ වැඩ කාරයො වගේම කම්බ හොරුත් ඉන්නවා....,0
ඇයි ටීචර්ට තරහා ගිහින්ද ? නැත්තං ටීචර්ගෙ මිනිහට අහුවෙලාද මේක දුරදිග ගෙනිච්චෙ...,0
මේ වීඩියෝවෙන් පේන විදියට ඉතාම තිරිසන් නින්දිත ආකාරයටයි ඇයට පහර දෙන්නෙ.....කාන්තා පොලිස් නිළධාරිනියක් හෝ නොමැතිව මේ තුච්ච සිදුවීම කල පොලිස් තිරිසනාට...නීතිය ඉහළින්ම ක්‍රියාත්මක කල යුතුයි. කාන්තාව අත කිසියම් වරදක් තිබුනත් ඇගේ ආත්ම ගෞරවය කෙලෙසෙන අයුරින් ප්‍රසිද්ධියේ මෙවැනි නීච ක්‍රියාවක් සිදු කිරීම අප සියලු දෙනා තරයේ හෙළා දැකිය යුතුය.,0
හරකෙක්ට ගහනවා වගේ මේ කාන්තාවට ගහන්න...මේ පොලිස් බල්ලට කවුද අයිතිය දුන්නෙ..දූෂිත දේශපාලුවන්ට දෙකට නැමිලා සැලියුට් ගහන මුන්..අහිංසක දුප්පත් මිනිස්සු ඉස්සරහා සිංහයො වෙන්න හදනවා...මේ සිද්ධිය ගැන විධිමත් පරීක්ෂණයක් කරලා අයුක්තියට ලක්වෙච්ච පාර්ශවයට සාධාරණයක් ලැබේවි කියා හිතනවා...ඇය වරදක් කලත් මෙලෙස ප්‍රසිද්ධියේ තිරිසන් අන්දමින් පහර දෙන්න මේ පොලිස් බල්ලාට කිසිම අයිතියක් නැති බව යලි යලිත් කිව යුතුය.,1
අන්න තීන්දු...අපේ හොරු ටිකත් මේ වගේ එළවමු...,0
ඇයි දේවි කියලා ලොකුද...,1
දැනට ජීවතුන් අතර ඉන්නවද..මොනවද යකෝ මේ අහන ගොං ප්‍රශ්න...ජිවතුන් අතර ඉන්නවා නම් අරුන් ඇතුලෙ ඉන්නෙ මගුලටද...,0
අභයාරාමයෙදි ලගදිම අප්පච්චි මහන වෙයි වගේ...බැලුවොත් එතන....ඇබිත්තයෙක්ද ම්න්දා,0
ආගම් තියෙන්නෙ යකෝ මෙහෙම බෙදිලා මරාගන්නද..මුස්ලිම් උන්ගෙ ඇගේ දුවන්නෙ අමුතු ලේද අනිත් ආගම් අතර විවාහ තිබුනට මුන් දෙන්නෙ නෑ වල් හම්බ හැත්ත...,1
මේ තවත් එක කම්බා හොරෙක් තමයි...මරාගෙ ආණ්ඩුව කාලෙ අඩු නැතුව හොරු බිහිඋනා..දැන් උන්ව ඇතුලට දක්කන කාලෙ...,0
ඇයි බන් අප්පච්චි ලග නැද්ද උඹ ඔය කිව්ව ලිස්ට් එකට දාන්න පුලුවන් උන්...ෆොනී කවදාවත් භයේ පැනලා ගියෙ නෑ...‍ගෝඨාභය කියන්නෙ වතාවක් පණ භයේ රටත් දාලා ගිය පොරක්...,0
එතකොට අර යෝෂිත කියන හොර නේවිකාරයා ඇතුලෙ ඉදගෙන දේශපාලනය නෙමේද කලේ..හිටපු හමුදාපතිලා...කෝ යකෝ උන්ට නීතිය.. විමලයගෙ කට අනිත් පැත්ත හරවන්න ඕනෙ...මූ මොන සද්ද දැම්මත් බැදලා ඉන්න අක්කට බයයි..මූට වඩා වැඩිමල් නිසා,1
වීර සංගිලි පනික්කියා මොනවා දන්න එකෙක්ද..මූ දන්නෙ බටහිර විජාතික බලවේග ගැන හීනෙන් දොඩවන්නයි.. ප්ලග් ගලවන්න කථා කරන්නයි. කිසිම උගත් කමක් නැති ගොං හරකෙක්...දැන් වැලේ වැල් නැති නිසා අපච්චිට හුලං ගහනවා ගොඩ යන්න එහෙමවත්...විමලා දැන් නැත්තටම නැති වෙලා ඉවරයි..හඩ විතරයි..වැඩ නෑ ගඳ පමණයි,1
අනේ ඔයා බබා...ඕවා කියන්න මැද මුලන මෝඩ බයියන්ට..,1
අනේ උඹ මුදුනා වෙන්න යන්නෙ නැතුව තියෙන දෙයක් කාලා නිදාගනිං....,0
මේ ළමයට කවුරු හරි පිංවතෙක් මෙගා පික්සල් වැඩි ගානක හොද දුරකථනයක් පරිත්‍යාග කලා නම් ඊලග වතාවෙ සෙම්බුව හොදට බලාගන්න පුලුවන්....,0
මේවා අමූලික බොරු...රජයට විපක්ෂව බොහෝ මතවාද ෆේස් බුක් එකෙන් සංසරණය වන නිසා ඒක වහගන්නයි දැන් උන්ට ඕනෙ...,0
තොපිව යකෝ අත පය නොකඩා හදලා වඩලා උගන්නලා කැම්පස් එක දක්වා එවලා තවදුරටත් ගෙදරින් වියදමට සල්ලිත් එවද්දි....බියර් බොන්න කියලා තව වෙනම සල්ලි එවන්නත් ඕනෙද...මුන්ට ඉහළට උන්වන්නෙ නැතුව හරක් බානක් එක්ක කුඹුරක් හාන්න දාන්න තිබුනෙ...,0
මූ වලා කියලා ඒ කාලෙ ඉදන්ම අපි නම් දන්නවා.....අති පණ්ඩිත....බක තපස්...,0
බැංකු වල ආරක්ෂකයො තියලා තියෙන්නෙ යන එන ගෑණුන්ගෙ කකුල් දිහා බලන්නද ?,0
මම වෙනූෂගෙ අයියා නම් මේ කාලකණ්නියව මෙලහටත් මේ ලෝකෙන් චුත කරලා ඉවරයි.,1
දොස්තර නෝනා නම් හරිම ලස්සනයි...නම මොකක්ද දන්නෙ නෑ....,0
අහවල් එක රැකගෙන නම් නිළියක් වෙන්න මේ කපේට බෑ...මේක මේ දෙකයි පණහෙ නිළිය හිට් වෙන්න කරපු වැඩක්...ලංකාවෙ ක්ෂේත්‍රයේ ඉන්න මා හිතවත් නිළියකගෙන් මම මෙහෙම ඇහුවා...ඇත්තද අධ්‍යක්ෂක එක්ක හාන්සි නොවී රගපාන්න බෑ කියන්නෙ......ඇගේ පිළිතුර උනේ මම තවම ප්‍රධාන චරිත රගපාලා නෑ...මම එවැනි චරිතයක් රගපාපු දවසක ඔයා මා ගැනත් එහෙම හිතන්න ඒකෙ වැරැද්දක් නෑ කියලයි....සියලුම අධ්‍යක්ෂක වරු එහෙම නෑ කියලත් කිව යුතුයි.,0
මෙන්න වීඩියෝ....ගංග්නම් පරද්දලා මේක හිට් වෙයි වගේ මේ යන යෑමට...,0
බඩු ලාල් එහෙම කියන්න ඇති බන්....මම ඌ නෙමෙයි...නිකංම ලාල්....උඹ ලා*සාට පෝස්ටර් අලවන්න ගිය එකෙක් නේද ?,1
ප්ලයිට් එකකින් මොනවා හරි විසි කරන්න ඇති...,0
ජොන්ස්ටන් සෑර්ගෙ පු_ ට දිව දාපන් පොන්නයා....,1
තමාව මරන්න හදපු එකෙක්ව ඔඩොක්කුවෙ දාගෙන හුරතල් කරන්න අපේ මහතැනට පිස්සුද....මට හිතෙන්නෙ මුගෙ බෙල්ලටම තොණ්ඩුව දාලා දැන් මේකව රෙදි නැතුව කඩේ යවනවා...මහින්දට මොළයක් නැති හින්දා බැසිල්ගෙ මොළෙන් කියනවනෙ ගේම ගහන්නෙ.,0
උදේනිලා දෙන්නෙක්ම ජංගි ඉල්ලද්දි ඒකි කොහොම දෙන්නද...මාළු මන්නෙන් ජංගිය දෙකට කපලා පලු දෙක තමයි දෙන්නට දෙන්න වෙන්නෙ....,1
මේකි රගපාපු ටෙලියක ඔය ඇඩ්වටයිසිං පොට් එකක් තිබුනා...ඒකෙ එකා වෙන්න ඕනෙ මේකිට කොක්ක ගහන්න ඇත්තෙ....මුන් ලෝකෙට ලොකු ෂෝ එක දීගෙන හිටියට...රෙන්න පුකේ ගූ නැති උන්නෙ....,1
මේ වගේ ගොන් බඩු ෆෝම් කරන්න එපා බොල....මේකිව මට මීට් වෙලා තියෙනවා...හරි බඩුව කියලා නලලට අරගෙන ඉන්නෙ....මම නම් ශත පහකට ගනන් ගත්තෙ නෑ....මුන්ගෙ පවුලෙ එකියකට වැඩකට කථා කලොත් පවුල් පිටින් එතැනට යන්නෙ බුෆේ එකට කෙලලා ගෙදර එන්න...මඩ නෙමෙයි ඇත්ත...,1
පළවෙනි නෝනට වගේම දරුවටත් මේ පින අනුමෝදන් කරමු...සාධු සාධු...,0
දැනටමත් මේ පත්තරේ බත් ඔතන්න වත් ගන්නෙ නෑ...ආණ්ඩුවට පු- දෙන හැටියට මේකෙ බත් ඔතාගෙන ගියාම වේලාසන බත් ගෙඩිය පිළුනු වෙනවා කියලයි අපේ වඳ පුංචි අම්මගෙ දුව හීන් මැණිකෙ කිව්වෙ.,0
කැකිරි නැවක් ගිලුනා ස්පාඥ්ඥයට පටවපු...ඒ දුකට පොලිඩෝල් බීලත් මලේ නෑ....ආයෙ ඉතින් හිද හදාගෙන කමෙන්ට් එකක් දෙකක් දාගෙන ඉන්නවා සේප් එකේ...කොහොමද අපේ ජාන් ආතට....,0
ලග ඉදගෙන ඉදලා තමයි බං...හැමෝම ඒ ගමන ගියේ...උඹට ෂුවර් නැත්තං අහපංකො ගීතක්කගෙන්....,0
මෙන්න දැන් ලැබුන විශේෂ පුවතක්....,0
(ප.ලි. මේක මම මේ දෙන දැක්ක දවල් හීනයක් බොලල්ලා...),0
මෙම සිදුවීම් ජාලාවෙන් අපට ගත හැකි ආදර්ශ...,0
1. තාත්තා එක්ක බොන්න එපා... උඹල කියන දේ අහන්නේ නැතුව බොනවා නම් තාත්තට පෙන්න වෙන උන්ගෙන් ගුටි කන්න එපා...,0
2. රෝහලේ වල ඉන්න වෛද්‍ය වරු තමන්ගේ අඩුපාඩු කප්පරක් තිබුනත් ආත්ම අභිමානය ගැන සිතන පිරිසකි..,0
3. පොලිස් ලොක්කෝ හොඳට වෙරි වූ පසු බයිට් එක වන්නේ අපි වගේ අහිංසක මිනිස්සුය..,0
4. පාලිත මන්ත්‍රී තුමාගේ උපවාසය සමග ගත්කල ගොන් විමලයගේ පුස් පාට එක පඩයකට නොවටිනා අතර විමලයා මතක් වූ විට වමනයට එයි....,1
අවුරුදු 53ක ලේලියක් කියන්නේ දැනුම් තේරුම් නැති වයසක කෙනෙක් නෙමෙයි...,0
"මල ඇන්කොන්ඩා හීනෙන් ඇවිත් ඇන්කොන්ඩාවියට කිව්වලු..ඇන්කොන්ඩාවිය... ඔබට නොවේ.. සාප කරන්නේ මා....,
කෑම නැති කුටියකට ඔබ මා යොමුකළ...,
අපේම ලොක්කන්මයි...  හඬවන්නේ ඔබ මා...",0
"මෙවැනි දුක්ඛදායක පුවත් ගැන පහත සඳහන් කුමන කෙනෙකුගේ හෝ ඉක්මන් අවධානය යොමුවී මෙම මහා දුකින් මොවුන්ට  නිදහස ලබා දීමට කටයුතු කරනු ඇති මම බලාපොරොත්තු වෙමි...,",0
"නිවාස සහ ඉදිකිරීම පිළබඳ මහා අමාත්‍ය ගරු විමල් ගොන්වන්ස මැතිතුමා..,",1
"ගූවාහිනියේ අධිපති දුරන්ධර සෝමාවතී මහත්මිය..,",1
"ගාල්තන්නේ මහා බද්‍රකාලී දේවාලයේ ගරු ගාමිණී (හු)කපු  මහතා...,",1
"ලංකාද්වීපයේ කෝටිපති අංක එක ධම්මික පෙරේරා මුදලාලි මහත්මා...,",0
"කොළඹ දිස්ත්රීක් පර්ලිමන්තු මන්ත්‍රී කොලොන්න නිදහස් පක්ෂ ආසන සංවිධායක ගරු දුමින්ද (කුඩු)  සිල්වා මහතා,",0
"ඔබ සැමට ඉස්තුතියි...,",0
"කලබල වෙන්න දෙයක් නෑ මචන්.. ... කව්ද බන් ලංකාවේ මේ වගේ ගොන් ෆිල්ම්ස් බලන්නේ...,",0
"පිස්සු නැත්තම් හොඳයි....,",0
 දිය නටනකල් සැලියේ... නටයි කකුළුවා රිසිසේ....,0
මගේ නම් අදහස මෙතන යන්නේ පාඨලීට මඩ ගැසීමේ උත්සහයක් කියලයි. කොල්ලා ගහක හරි වෙන කොහේ හරි හැප්පෙන්න ඇති. අහිංසක ඇමති තුමාව අල්ලන්න හදනවා.,0
දැන් අපේ අම්මා පොල් බිඳින්නෙත්,0
දැන් අපේ අම්මා පොල් බිඳින්නෙත්,0
“නංගියේ උඹ සාපකරන්නේ අපටත් එක්ක නේද?”.,0
ඒකට අපේ අම්මා දුන්න උත්තරය තමයි…..,0
“අක්කේ,0
නදීශාට බනින උන්ට හෙට නදීශා කසාදයකට කැමති කීවොත්,0
අද කාලේ ගෑනුන්ට තියෙන විසේ තරම දන්න නිසයි කොල්ලන්ටත් මෝල් කලන්තේ හැදිලා තියෙන්නේ. ගෑනු හරියට ඉන්නවා නම් කොල්ලෝ බයයි ගෑනුන්ගේ ඇඟට එන්න...,0
කඩෙි ගියාය වැඩක් නැ දැන් දෙන දානේ ටික කාලා නිකමිම ඉදලා ඉස්සරහට වෙන්නේ මොකක්ද කියලා බලාගෙන් ඉන්න සිවිරැ දරන් ඉන්න හාමු දුරැවනේ,0
දැක්කනේ වෙනස,0
හාන්සි වීමෙන් ඡන්දෙ දිනන අය තමයි මේගොල්ලො....,0
අර වයසක මනුස්සයා පර්ස් එක දිහා දැකලත් ඒ බව නොදැක්කා වගේ ඉන්නවා...ඒ වෙලාවෙම ඒක දැන්වූවා නම් හිමිකරුවාට ලබාගන්න තිබුනා...හදිසි අසනීපයකට බෙහෙතක් අරනගෙන ගෙදර යන්න හිටිය කෙනෙක් නම්...පස්සෙ පසුම්බිය ලැබුනත් වැඩක් තියේවිද...කාලකණ්නි මිනිස්සු...,0
මැලේසියාවෙදි කිප දෙනෙකුගේම රෙදිත් ගැලවෙයි වගේ....,0
චතුරයා එල කොල්ලෙක්නෙ....මොනවා උනත් මේ දැරිවි දිගු ගමනක් දේශපාලනය ඇතුලෙ යාවි....*** වගේ පිරිමි පලුවක් වගෙයි පේන්නෙ....,0
ෆොටෝ ටික බලන්නෙ නැතුව කමෙන්ට් එකක් කොටාගෙන මාරු වෙනවා....තමන්ගෙ ලෙයින් ජාතක වෙච්ච දරුවො ගැන කැක්කුමක් නැති මෙවන් පියෙක්...ලැජ්ජයි.....,0
මුන් දෙන්නවා දැක්කම මට අප්පිරියයි...ඕකි අඩි 5 ක් උස නෑ...නොදකින්....,1
අධ්‍යක්ෂක ලත් තැනම ලොප් කරගෙන...සල්ලි දාපු මිනිහා මේක ප්‍රචාරය කරගන්න බැරි උනොත් වහ බොයිද මන්දා...,0
මේ වගේ ලස්සන දොස්තරලා වෛද්‍ය පීඨයෙන් තනිකඩව එනවා කිව්වමත් මට පුදුමයි....,0
ජරාම චැනල් එකක් මේක...රසවින්දනය කියන දේ කෙසේ වෙතත් පරණ ගායක ගායිකාවන්ගෙ නම් ක් දන්නෙ නෑ මේකෙ ඉන්න ගිරා පෝතක රැළ.....,0
නදීෂා....-----------ඇදලා ඉදලා නෑ...නැත්තං නටනවා ෂුවර්...,0
පුංචි බණ්ඩා වගේ කී දාහක් අහිංසක මිනිස්සු දැන් නම් මැරෙන එක සැපයි කියලා හිතනවා ඇද්ද....,0
ෂුවර් එකටම විපක්ෂයෙ පළාත් සභා අපේක්ෂකයෙක් තමයි ඔය වැරැද්දටත් මාට්ටු වෙන්නෙ.....,0
ඊලග මැච් එකේ ගූ වෙන්න කෑවොත්...උඹලා ඔය ගුණ වයපු කටින්ම තමයි ආයෙමත් බනින්නෙ...,0
ඡන්දයක් ලං වෙද්දි මෙහෙම ආශ්චර්යමත් දේවල් සිදුවීමට සෑහෙන ඉතිහාසයක් තියෙනවා...මේ වගේ ඡන්ද වෙලාවක් ලං වෙලා හොයාගත්ත තෙල් නිධියෙ ළිං හාරලා ගත්ත පැස්ටොල් වලින් තමයි අපි හැටට හැටේ රට වටේ දැන් දුවන්නෙ....,0
මේ මැච් එකේ විකට් ගත්තත් මට කියන්න තියෙන්නෙ...මුගෙ පඩ ෂෝ වැඩියි කියලයි.....දැන් ඉතිං පෝලිමේ මට බැනහල්ලා.....,1
මහන්සි වෙලා හොයාගත්ත දෙයක් මෙහෙම වියදම් කලාට මොන වරදක්ද....අපේ කාලකන්නි දේශපාලුවො අනුන්ගෙ සල්ලි හොරකම් කරලා කරන කෙලි දැක්කම... බැදගත්තා වගේ නෙමෙයි කොලුවො බෙරේ ගහගෙන යන්න ඕනෙ දිගටම....ජය වේවා !,0
මුන් දෙන්නා ගැන කියන්න වරදක් නෑ...කතන්දර හැදිලත් නෑ...ඒ නිසා සාර්ථක විවාහ ජීවිතයක් අත්වේවා කියලා හිතනවා....,0
සින්දු කියන්න කලින් ඉල්ලගත්ත බැස්සම සල්ලි ගෙවන්නම් කිව්ව ගංජා මිටියෙ සල්ලි දීලා නෑ...ඒකයි ගහලා තියෙන්නෙ....,0
අනේ මේ බොරු බයිලා නොගහා ඉදින්...සමාන්තරව නෙමෙයිනෙ චක්‍රාකාරවද හිරු එළිය වැටිලා තියෙන්නෙ...උඹලා වගේ පණ්ඩිතයො දන්නෙ යමක් කිව්වම ඒකෙ ඇද හොයන්නම තමයි...,0
මුගෙ කෝටි ගානක ණය ලොකු අප්පච්චි ගෙවන්නං කිව්ව නිසානෙ බල්ටිය ගැහුවෙ...එහෙව් එකේ තවමත් කඩේ යනවා මේ වස්සා...,1
ගොම්මන් අපලයගෙ අපලෙ තාම ඉවර නෑ වගේ...,1
විමලා 9 වසරට ගියාට වැඳගත් විදියට අත්සනක් ගහගන්න නම් ඉගෙන ගෙන තියෙනවා. මම හිතන්නෙ අක්කා නෝනා තමයි උගන්වන්න ඇත්තෙ කණේ අමාරුව අඩු උන වෙලාවක.,0
මහින්ද රාජපක්ෂ වී ගබඩාව...බයියනි තොපිට ආඩම්බර නැද්ද දැන්...,0
බේබි හාමුලා දැන් හොද සුවෙන්...බැරි වෙලාවත් අත්අඩංගුවට ගත්තොත් අසනීප වෙයි...ඒ නිසා ලංකාවෙ නීතිය වෙනස් කරන්න ඕන‍ෙ මේ වගේ හොර ලෙඩ ගන්න උන්ට එරෙහිව. දැන් බැසිලට මෙලෝ ලෙඩක් නෑ...ඉන්නකං ලෙඩ...විමලගෙ ගෑණිගෙ කනේ අමාරුව හොඳටම හොඳයි දැන්...ඇතුලෙ ඉන්නකං ලෙඩ...මේ විදියට රවටන්නෙ ලංකාවෙ අධිකරණය නේද...මේකට විරුද්ධව ඇයි නීති වෙනස් කරලා මුන්ට හොඳ දඬුවමක් දෙන්න බැරි.,0
ඉන්දියාවෙ මේ සමාජ ක්‍රමය ගැන පුදුම හිතෙනවා වෙලාවකට...,0
අනේ පලයං බොරු නොකියා...මුණෙ පලු ගියෙ පිස්තෝලෙන් වෙඩි තියාගෙනද...,0
මුන්ව හිටවලා ගල් ගහන්න ඕනෙ කාලකන්නි...,1
මාර බුලට්නෙ බොලේ ලංකාවෙ ඉන්නෙ...,0
ප්‍රිය අයුරු...ඕකනෙ අවුල ඉතින්...,0
මෙයා ගායකයෙක්ද . නළුවෙක්ද,0
ලිපියේ මාතෘකාව සහ අන්තර්ගතය අතර සබදතාවක් නෑ නේද...,0
මේකිගෙ ලොකු සෛල දැන් අඩු වෙයි...වෙලා සටහන්කරුවටත් දැන් නඩුවට යන්න වෙයි...මිනිහා අන්තිමට බබා වෙන්න හැදුවෙ...,1
මේ වගේ වෙලාවකට ජීවක තුමෙකුගේ වටිනාකම කියලා නිම කරන්න බෑ නේද...ඒ උනාට වර්ජනය කරන වෙලාවට ඔය වටිනාකම තුට්ටුවට වැටෙනවා...ඒ නිසා වර්ජනය නොකර ඉන්න....,0
මේ පින්තූර නම් ගොඩාක් කලින් ගත්ත ඒවා...,0
හාමදුරුවන්ගෙ ලිංගෙ කෑල්ලක් එක්ක තව මොනවා හරි ඉන්ද්‍රියකුත් කපලා දාලද මන්දා...,1
භය හිතෙනවා බොල...,0
වැල් පෙනෙල කැද බීපු එකෙක්ද බකට් එක අැල්ලුවෙ,0
පොඩි කොස්සන්ටම තමයි හැමෝම දාගෙන කෙළින්නෙ..අල්ලපියව්කො පොලිස් ලොක්කෙක්....,0
පිලපිටිය සිපගත්ත දෙතොල දැන් වෙල එකෙක් සිප ගන්න එකනෙ මිනිහට තියෙන අවුල...,0
අනේ පලයන් අයිවන් යන්න...උඹලා රජාට ණයට කැහැලා කැහැලා දැන් එනවා ව්‍යවස්ථා වෙනස්කම් ගැන කථා කරන්න...චෞර රජානෝ පොත ලියලා ඉදහං ඉස්සෙල්ලා..ඒක උණු කැවුම් වගේ විකිණෙනකොට උඹටත් කල්ල මරේ....,0
මේ රජයෙ හොද කම නිසයි මේ යකා තවම මාධ්‍ය සාක්ච්ඡා තිය තිය පොර ටෝක් දෙන්නෙ...9 වෙනිදට චුත වෙලා පලයං සිරිසෙන කියලා දුන්න ලොරි ටෝක් වල හැටියට වෙන ජනාධිපති කෙනෙක් නම් මේකව සැගවුන අවි සොයන්න එක්කගෙන ගිහිල්ලා මේ වෙද්දි. දේශපාලනන අනාථයෙක් වූ ලෙමන් පෆ් වීරයා ගැන අපිටත් කණගාටුයි..තැඹිලි උගුරක් පොවාගන්න කෙනෙක් නැතුව ගියානෙ හැබෑට මිනිහට.,1
ගෑණු 11 ක් හිටිය නිසා තමයි මෙච්චර කල් අල්ලලා ඉන්න ඇත්තෙ...මොකද මැරෙන්නවත් නිදහසක් දෙනවා කියලයැ ගෑණු සැට් එක....,0
මූ නම් ලැජ්ජා නැති එකෙක්...මෙච්චර කියද්දිවත් පලයංකො ගෙදර...නිතිය ගැන මෙලෝ සසරක් නොදන්න ලංකාවෙ පලවෙනි නීතිපති....,1
ඉතිං බොල ලෝක වෙළෙදපොලේ අඩු උනා නම් උඹලගෙ බයියා ඉන්න කාලෙ දුන්නෙ නැත්තෙ මොකද ?,0
මරාට කඩේ ගිය බයියො කෝ දැන්...තොපිලා පරණ ගානටම ගහගනියව් පෙට්‍රල්...තොපේ ආශ්චර්යය වගේද බොල යහපාලනේ...,0
අනේ යන්න අංකල් යන්න...ඔයා ෆොන්සේකාට කලේ හරි දේද..ඕවට කියන්නෙ දිට්ඨධම්මවේදනීය කර්මය කියලා...දැන් ඉතිං බලන්නකො රහ...,0
අනේ මුන් පොරවල්ද අප්පා...ෂේන් සින්ග් කියන නමේ ඉදලම තියෙන්නෙ බොරුවනෙ....,0
නඩු දාන්න බෑ කියන වගන්තිය හදන්න ඕනෙ...,0
මරාගෙ ජංගි කොටයත් ගැලවෙමින් තියෙන හැඩයි...,1
ලණු දුන්නේ කවුද?,0
අපේ ජනපතිතුමාට හතුරෝ පිරිලා,0
හිටපු ජනාධිපති මහින්ද රාජපක්‍ෂ හා හිටපු ආරක්‍ෂක ලේකම් ගෝටාභය රාජපක්‍ෂ ගැන කතා කිරීම වහා නැවැත්විය යුතුයි..,0
ලස්සන අය්යා කෙනෙක්. මේ අය්යා පොඩි කාළේ දන්නැති කමට කරපු වැරැද්දට දැන් දඩුවම් දෙන එක අසාධාරණය්.,0
ලොරි ඩ්‍රයිවර්ලා ඔක්කොම ඔහොම මෝඩ වැඩ තමය් කරන්නේ. ඒගොල්ලන් ඉගනගැන නැති හින්ද නේ ඩ්‍රයිවර් කෙනෙක් වෙන්නේ.,1
නංගි. ඕවා සාමාන්‍ය දේවල්. අපේ අත්තම්මත් ඉන්නේ වැඩිහිටි නිවාසේ. බලාගන්න බැරිනම් එහේ ගිහින් දාන්න.,0
කොච්චර දෙයක්ද මේ වගේ වැඩ දන්නා දේශ ප්‍රේමින් ටිකක් අපේ ආණ්ඩුවට එකතු වෙන එක . අපේ හිටං මොන තරම් බුද්ධිමත්ද? මෙවැනි අයගේ සේවය ලබා ගෙන ලංකාව කේතුමතී රාජදානිය කරනවා තව අවුරුද්දක් යන්න කලින්.,0
ඕවා කොහෙ කියා දෙන්නද...පාසල් වල උගන්වන සම හරක් සෑර්ලම කෙල්ලන්ට ඉන්න ඉඩ නොදෙන කොට....,0
මේ සැරේ ආදායමෙන් ප්‍රේමදාස පිටියට පිහිනුම් තටාකයක් හදලා දෙනවා කිව්ව නිසා මාලිංගයට මගේ සුභ පැතුම් !,0
දෙන්නගෙම වම් අතටනෙ මුද්ද දාලා තියෙන්නෙ...තව ටික දවසකින් මේ ඩබල මලාම මුදු දෙක එම්බාම් කරන එකාට....,0
මෙහෙම හරි මිනිස්සු පොතක් කියවන්න පෙළඹෙන එක ඉතාම හොද වැඩක්....,0
අනේ බොරු සෝබන....අපේ උන් ලක්ෂ ගනන් විදයම් කරලා මේවා ගත්තට කථා කරන එකයි....ඉන්ටර්නෙට් යන එකයි...ෆොටෝ ගහන එකයි ඇර වෙන මොනවද කරන්නෙ...ඒ ටික කරගන්න මීට අඩුවට කොච්චර පෝන් තියෙනවද....,0
මේ ප්ලේන් එකක් ලංකාවට හරවලා රට කන දේශපාලුවන්ව ඒකට නග්ගලා ඇමරිකාවට ගහන්න යවමු...ඇමරිකාවෙ ප්ලග් එක ගලවන්න දගලන කෙනත් යවමු.,0
ප්ලාස්ටික් දොස්තර ලගට මෙයත් ගිහිල්ලද....අරවයෙ ලොකු.....,0
ලස්සන කෙල්ලෙක්....හැබැයි ටිකක් මහතයි....,0
මේ ඡායාරූප වලින් වැදගත් කිසිවක් පේන්නෙ නෑනෙ.....මේවත් නොදා හිටියා නම් හොදා....,0
බයියො චූන් වෙන නිවුස් එකක්...,0
නව නීති පතිත් ආවා...දැන් ඉතින් රාජපක්ෂලාට ලේසි වෙන්නෙ නෑ...ඕ යේස්...,0
මේවා කරන්නෙ සක්කිලි වංශයි උගෙ මෝඩ ගෝලයොයි...,1
සති දෙක නෙමෙයි... කරලා තියෙන අපරාද වලට ජීවිත කාලෙම ඇතුලෙ තිබ්බත් කමක් නෑ...,0
කැමරාව රෙඩ් එපික් එකක් උනාට....සීනිබෝල චිත්‍ර‍පටියක් කියලයි පේන්නෙ...රන්ජා දැන් පෙම්වතාගෙ චරිතයට නාකි වැඩියි...නිකං ජෝකර් ටයිප් එකක් එලියට එන්නෙ ඒ දර්ශන වල...,0
මේ වගේ තැනක දාන නමකින්..කෙනෙකුගේ හැදියාව හොයන උඹ නම් උපන් ගෙයි හරකෙක් බං...අඩු ගානෙ රෙදි ඉස්කෝලෙටවත් ගියෙ නැද්ද පොඩි කාලෙ ?,1
අපේ අම්මා ඉස්සර මට බූවලු හනසු කැඩෙනකං ගගහා ගේ වටේ එලවන්නෙ...එහෙම හැදුව නිසා තමයි අද හිරේ විලංගුවෙ නොවැටී කැකිරි ගෙඩියක් වවාගෙන සැපට ඉන්නෙ...,0
රට රැකගන්න තමයි යකෝ පල් හොරෙක් ගෙදර යැව්වෙ...තොපි වගේ කාණු පනුවන්ට ඉතින් රටම හොරා කෑවත් කමක් නෑ යුද්දෙ දිනුම්නෙ...තූ නෙදකින් වල් හරක්...,1
තොපි වගේ උන් හොදයි යකෝ යෝෂි්ත වගේ උන්ට යටට අන්දන්න....,1
ජෙනරාල් තුමාට ජය වේවා ! රාජපක්ෂ හොරුන්ට කෙළ වේවා !,0
දැන් මහින්ද මහත්තයට නේද කීවෙ...කේන්දර වල එ්ල්ලිලා ඉන්ව කියල??? ඔයා මොකද මේ කරන්නෙ ?? ලැජ්ජයි...,0
දැන් ඉන්න පල් හොරා යනවා නම් ඉතාම හොඳයි...මරා හෙන්චයියෙක් මිනිහා...,1
එරික් බටලන්ද ගැන කියන්න ගිහින් ත්‍රිකෝණාකාර රූපවාහිනියක නාගත්ත නෑම ගැන නං කියලා වැඩක් නෑ...මොනවා උනත් මනමාලි බොහොම හැඩයි...තමන්ට අපහාස උපහාස කලත් රනිල් අගමැතිතුමා මේ වෙඩිමට ආපු එකෙන්ම ඔහුගේ නිහතමානීකම පේනවා.,0
උඹලා හෙන පොරවල්...අපිට නෙමෙයි...මල් පත්තර බලන කොල්ලො කෙල්ලන්ට...ඇමරිකාවෙදි බල්ලෙක් වත් ගනන් ගන්නෙ නැති වග වැටහුනාම අපූරුවට උපාධි නැතුවම ලංකාවට එයි...,0
අනේ මේ පෙරහැරකට මුවා වෙලා කරන සත්ව හිංසාව කාටවත් පේන්නෙ නැති හැටි...මේ සතාගෙ නිදහස ඉවරෙටම ඉවරයි නේද...මොන පින්ද...,0
වතුර ඇලක් ලග තියාන යැව්වම නැට්ට තෙමෙන්නෙ නැද්ද ඉතින්...මුන්ට සරුංගලේ හදන්න මොලේ තිබුනට උඩ යවන්න මොලේ නෑ.,0
අවුරුදු 60 ක් ජීවත් වෙලත් මොළේ පෑදිලා නෑනෙ...අර හිස් තැඹිලි කෝම්බ දාලා තියෙන විදියට යකදුරා මැරෙන්නෙ ඩෙංගු හැදිලා...,0
දැන් සැප හොද හින්දද කොහෙද සුදු වෙලා හිටං,0
දැන්වත් යන්න අනේ කතමැත නොදොඩා...ගිය ආණ්ඩුවෙ දාපු චණ්ඩි කම් ආයෙ දැම්මොත් හිරේ යන එක මට ෂුවර්...ගැලරිය පිනවන බණ කියන්න එපා.,0
අන්න එහෙම තමයි ඉන්න ඕනෙ...ජනාධිපතිතුමාගෙ ඉවසීම නිවටකමක් විදියට තමයි ඔය වාසු / වීර සංගිලි / ගොම්මන් අපල / ඇතුලු නඩය දැක්කෙ. නයා උනත් පෙනේ පුප්පන්නෙ නැතුව ඉද්දි ගෑණු දර මිටි බඳින්න ගත්තා කියනවනෙ. මේ යන විදිය හොදයි...හොරු ටික එකම පක්ෂයකට ඇදලා දාලා ඡන්ද සලකුන විදියට ටෝච් එක දුන්නා නම් හරියටම හරි....,0
අජිත් බස් නායක කියන්නෙ දේශපාලනයෙ නොදරුවෙක්..මැරවින් බයියගෙ චක් ගෝලයෙක් මූ...කිසිම උගත්කමක් නැති...සල්ලි විතරක් තියෙන මී හරකෙක්.,1
අනේ පවු ගැණු ළමයා........ මොකක් හරි වැරැද්දක් ඇති. නැත්තමි ඔහෝම වෙන්නේ නෑනේ.,0
පොලිසියේ අවම බලය කියන්නේ,0
ඇස් එළියට පනින්න ගහන එක නෙමේ,0
-මහේස්ත‍්‍රාත් අවවාද කරයි,0
අද කාලේ අහන දකින දේවල් හැටියට පන බේරාගෙන එන්න හම්බ වුන එක ලොකු දෙයක්.... බැලූ කොහොමඋනත් සිද්දියේ පොඩි අවුලකුත් තියෙනවා වගේ... ඉක්මනට පොලිස් පරීක්ෂණ අවසන් වේවායි පතමි... සැකකරුවන් අයුධ පෙන්නන්න යන එකක් නෑ නේද....,0
ෙපාලිසිෙය් ඉන්න ෙකාස්තාපල්ෙග ඉදන් ඉහලම නිලධාරියා ෙවනකත් අහිංසක මිනිස්සුන්ට කරදර කරනවා එ් ෙවලාවට කරන්න ෙදයක් නැතිම තැන ඉතින් ෙමි වෙග් ෙද්වල් මිනිස්සු අතින් ෙපාලිසිෙය් අය මැෙරනවා තමයි අහිංසක මිනිස්සු මරනවට වඩා ෙපාලිසිෙයන් කරන අසාධාරන කමි අඩු කලා නමි ෙමි වෙග් ෙද්වල් ඉෙබිම නතර ෙවිවි ෙන්ද,0
ඇත්ත කියපන්... උඹ කොල්ලෙක්ම නේද....,0
ලක්ශාන් කොලුවෝ... මොකක්ද තොගේ උත්තරේ...!!!!!!!,0
මං මේ පෝස්ට් එකට එකතු කරගන්නවා උඩහ ගෙදර නංගිවයි එයාගෙ නෑනවයි නෑනගෙ අක්කවයි,0
මහින්ද මහත්තය හිත හොඳ මිනිහෙක්,0
ඕක අසාධාරණයි.,0
මොකෝ කියන්නේ අක්කිව අඹේවෙල පැත්තේ යවමුද?,0
බොට පිස්සුද යකෝ? අමු මිරිස් කිලෝ එකකුත් 1200 වෙද්දි නෙලුම් මල් රුපියලකට ඉල්ලන්නේ? උඹ කසිප්පු ගහලද කුඩු ගහලද?,0
ඔයා තවම පුංචි වැඩියි...ලෝකය ගැන තවම තේරුමක් නෑ.,0
ගිනිපෙනෙල්ලෙන් බැට කාපු එකා කණාමැදිරි එළියටත් බයයිලු.,0
අධිකරණයට දැන්නුවනම් වතුර නෙවෙයි විස්කි වුනත් ගෙනත් දෙයි!,0
අනේ මගෙ වස්තුව,0
"ජනපති වටා ඉන්න ඊනියා ""වෙබ් පකීර්ලා"" සියල්ල සේවයෙන් පහ කර",1
අද කාලේ ගෑනුන්ට තියෙන විසේ තරම දන්න නිසයි කොල්ලන්ටත් මෝල් කලන්තේ හැදිලා තියෙන්නේ. ගෑනු හරියට ඉන්නවා නම් කොල්ලෝ බයයි ගෑනුන්ගේ ඇඟට එන්න...,0
මගේ නම් අදහස මෙතන යන්නේ පාඨලීට මඩ ගැසීමේ උත්සහයක් කියලයි. කොල්ලා ගහක හරි වෙන කොහේ හරි හැප්පෙන්න ඇති. අහිංසක ඇමති තුමාව අල්ලන්න හදනවා.,0
ජය වෙිවා,0
උඹ ගල්යුගේ එකෙන්ද ?,0
මොලේ නැතිව වැඩ කරාම ඔහොම දේවල් වෙනවා,0
බිරියක් විදියට සිද්ධ වෙන අඩුපාඩු මවක් විදියට සිද්ධ වෙන්නේ නැද්ද?,0
එහෙම අඩුපාඩුවක් මගෙන් දරුවන්ට වුණා කියලා මම හිතන්නේ නෑ. මම එයාලගේ වැඩවලට උපරිමයෙන් සහාය දෙනවා. ඒ නිසා එහෙම අඩුවක් වුණා කියලා මට දැනිලා නෑ.,0
සල්ලිකාරයෙක්ගෙ පුතෙක්නම් ටීචර්ට බඩුම තමා :),0
මේ සුරැපි කෙල්ලට අත ගැහුවේ ඒ වගේම සුරූපි කොල්ලෙක් වෙන්න ඇති නේද............,0
මේ ගහනවා මදි...තව ලොකු පොල්ලකින්...කොහු මිටකින් වගේ ගහන්න තිබ්බෙ. මේ කෙල්ල පොඩි කාලෙ ඉදලම ඇට්ටරයි..නරකකට නෙමෙයිනෙ ගහන්නෙ නාපිය කියලා...තව රිදෙන්න දෙන්න තිබ්බෙ මේකිගෙ ඇට්ටර කම නැතුව යන්න,1
වම් අතින් කෑම කන්නේ. පුංචි කාළේ ම ගහල හදන්න ඕනේ මේවා.,0
අනේ චංගුමී දුවේ.....................,0
ඒකෙන්ම පේනවා මේක මිනිසුන් අතරේ මොනතරම් ජනප්‍රිය වුණාද කියල................... අපේ කෙලි පොඩිත්තියොත් චංගුමී කෙල්ල වගේ වෙන්න උත්සහ කරන්න ඕන...........,0
යකුනේ නොදන්න දෙවල් වලට කථාකරන්න එපා මේ උබ වගේ ගොන් මෝඩයෙක් නෙමෙයි.........,0
සහතික ඇත්ත මේ මනුස්සයා කියන්නේ මේවා ලියන්නෙත් පො*** ද කොහෙද.............,1
දෙන්නම හොද මෙකට නෙමෙයි අනග රැගුම.............,0
ඇද විතරද තෑගි දුන්නේ මෙට්ටේ තෑගි දුන්නේ නැද්ද දන්නෑ..........,0
හොලිවුඩ් චිත්‍රපටියේ කාටද දන්නෑ රගපෑවේ..................,0
අක්කට වඩා නංගි හොදයි වගේ රොෂාන් කොලුවෝ උත්සහයක් දැල බලපන්..........,0
අන්න යහපාලනයෙ මල් පිපීගෙන එනවා...කෝ මේ බයියො රැල...,0
මෝඩ කථා කියන්න එපා...උඹ මී හරකෙක්ද ?,1
පොර ටෝක් දෙන්න එපා ඩෝ...මමත් මේවයෙ ගිහින් තියෙනවා පිටරට වලදි...එහෙම කියලා අපේ ලංකාවෙ දැන් පටන් ගන්න යන වැඩේ පාච්චල් කරන්නෙ නෑ...අපේ රට ඩෝ මොන රටටත් වඩා අපිට ලොකු...,0
තව මොනවා කන්නද...දැන් කාපුවා වමාරන කාලෙනෙ...,0
මූට හෙණ ගහන්න ඕනෙ දරු පවුලකට කරපු අපරාදෙට...,0
කොටියගොඩ *** පුතෝ,1
බඩු පොට් එකක් කරන එකියක් වෙන්න ඔනේ...ජිනා නැන්දද දන්නෙත් නෑ...,1
පුදුම වෙන්න දෙයක් නෑ...මේකි කාට හරි රෙද්ද උස්සනවා ඇති...ඒකයි සුදුසුකම...,1
පුෂ්පා රම්යානි අක්කට පැමිණිලි කල යුතු ගැටලුවක් මේක....එයා හිතාන ඉන්න විදියට එයා තමයි ලංකාවෙ ලොකුම නර්ස්...,0
ඔකුන්ට තව වැරදි පටවපල්ලා...තව රාජපක්ෂලා ඉන්න තරමක් ඇතුලට දාපල්ලා...දෙන එක ‍රිදෙන්නම දීපල්ලා...,0
රත්ගම 3 වීල් හයර් කරපු කොල්ලෙක් තැනකට ආවම අපිත් සතුටු උනා...ඒත් මූට මුල මතක නැතුව ගියා..දැන් මෙයා පාලක මණ්ඩලයටත් තමන්ගෙ සයිස් එක පෙන්වනවා...කරන්න කිසිම දෙයක් නෑ...කනට දෙකක් ගහලා ක්‍රිකට් වලින් පන්නලා දාන්න තියෙන්නෙ...ඉන්දියාවටම වෙලා හිටු කියලා...සල්ලි පස්සෙම යන පෙරේතයෙක් මූ...,0
රාගම මෙඩිකල් ෆැකල්ටියෙ හිටියෙ උපාධිය ගොඩ දාගන්න බැරි උනා...දේශපාලනේ නිසාම අත ඇරලා දැම්මා...මම හිතනවා බුද්ධික ඩොකෙක් උනා නම් ජනතාවට මීට වඩා සේවයක් වෙන්න ඉඩ තිබුනා කියලා...,0
රත්නපුරේ කක්*ස්සි කටට එතනත් පක්ෂ භේදය...කවදා හැදෙයිද මන්දා...,0
මුගෙ ඔලුවෙ අමාරුව තවම හොද වෙලා නැති පාටයි...,0
මූ වගේ සල්ලි පෙරේතයෙක් මහත්වරුන්ගේ ක්‍රීඩාවෙදි මම දැකලම නෑ...තුත්තිරි ගස් අල්ලගෙන ටීම් එකට ආපු ගමේ කොල්ලට ගිය කලක් හැබෑට...,1
මුගෙ එක කනක් පොඩියි...උඹලා දැකලා තියෙනවද ?,0
කවුද බං මේ කෑල්ල...ෆොටෝවක් නැද්ද කා ලගවත්...,0
මරා ෂැන්ඩි නැතුවලු දැන් බොන්නෙ...ඉක්මනට රොටිය කර කර ගන්න...,0
චතුරිකාට වඩා නංගි කෙල්ල ලස්සනයි...මාමගෙන් ඉල්ලගන්න බැරිවෙයිද දන්නෙ නෑ...,0
ඉතිං අපි මොනවද කියන්න ඕනෙ...සාරාංග කියන්නෙ මම අකමැතිම නළුවෙක්...හොද පිරිමි පෞර්ෂයක් නැති...මල්ගස් වටේ දුවන චරිත වලට විතරක් ගැලපෙන පියරු බබෙක්...,1
